,FIPS Code,"Percent of adults with less than a high school diploma, 2015-19","Percent of adults with a high school diploma only, 2015-19","Percent of adults completing some college or associate's degree, 2015-19","Percent of adults with a bachelor's degree or higher, 2015-19"
0,1007,20.9,44.9,23.8,10.4
1,1009,19.5,33.4,34.0,13.1
2,1021,18.2,44.4,24.6,12.7
3,1073,9.9,26.4,30.3,33.4
4,1115,15.4,35.6,32.9,16.1
5,1117,7.3,19.8,29.9,42.9
6,1127,18.2,37.5,33.0,11.3
7,4013,12.3,22.4,32.6,32.7
8,4021,14.2,29.3,37.0,19.5
9,5035,17.4,34.8,30.4,17.4
10,6001,11.6,17.6,23.5,47.4
11,6013,10.5,17.3,29.9,42.4
12,6017,6.6,21.3,37.9,34.3
13,6037,20.9,20.6,26.0,32.5
14,6041,6.7,10.5,23.3,59.5
15,6059,14.5,17.2,27.7,40.6
16,6061,5.5,18.0,36.8,39.7
17,6065,18.0,26.9,32.9,22.3
18,6067,12.3,22.4,34.5,30.9
19,6069,19.5,24.8,36.0,19.7
20,6071,20.0,26.3,32.7,21.0
21,6073,12.6,18.2,30.4,38.8
22,6075,11.5,12.1,18.4,58.1
23,6081,10.4,14.9,23.8,51.0
24,6085,11.6,14.1,21.9,52.4
25,6113,13.5,18.1,27.0,41.4
26,8001,16.2,28.6,30.9,24.3
27,8005,7.4,20.8,29.0,42.8
28,8014,3.1,14.5,26.7,55.7
29,8019,1.4,21.9,28.7,48.1
30,8031,12.0,16.8,21.7,49.4
31,8035,1.9,12.0,28.1,58.0
32,8039,3.3,24.1,36.8,35.8
33,8047,1.5,21.4,37.5,39.6
34,8059,5.5,20.3,29.1,45.2
35,8093,2.3,30.9,37.0,29.8
36,9003,10.3,26.6,25.0,38.1
37,9007,5.8,25.8,26.2,42.2
38,9013,5.0,27.0,26.2,41.8
39,10003,8.4,30.8,24.6,36.2
40,11001,9.1,16.8,15.5,58.5
41,12003,14.3,42.6,29.9,13.2
42,12011,11.0,27.3,29.2,32.4
43,12019,8.2,31.0,35.8,24.9
44,12031,10.2,27.8,31.9,30.0
45,12053,12.1,35.2,34.2,18.4
46,12057,11.3,27.1,28.0,33.5
47,12069,10.5,32.1,33.4,24.0
48,12086,18.6,27.3,24.4,29.8
49,12089,8.7,31.7,30.0,29.6
50,12095,11.5,24.4,29.6,34.6
51,12097,13.3,31.3,33.7,21.8
52,12099,11.5,24.0,27.8,36.7
53,12101,10.5,33.2,32.2,24.0
54,12103,8.7,28.0,31.6,31.7
55,12109,5.2,21.4,28.7,44.7
56,12117,5.7,21.1,33.6,39.6
57,13013,15.5,34.1,31.4,19.0
58,13015,16.4,33.4,31.6,18.6
59,13035,19.4,44.7,23.7,12.2
60,13045,15.4,33.4,30.2,21.1
61,13057,7.9,22.4,31.5,38.2
62,13063,15.2,33.6,31.7,19.5
63,13067,7.9,18.5,26.2,47.4
64,13077,10.8,28.6,30.3,30.3
65,13085,12.8,29.1,27.5,30.6
66,13089,10.7,20.9,24.3,44.2
67,13097,12.2,30.4,29.3,28.2
68,13113,4.7,20.9,28.2,46.2
69,13117,7.0,15.6,24.3,53.1
70,13121,7.4,17.7,22.0,52.9
71,13135,12.3,22.3,28.4,36.9
72,13143,18.8,36.1,30.4,14.8
73,13149,20.3,45.1,25.8,8.7
74,13151,8.8,31.7,31.1,28.5
75,13159,17.2,38.1,30.4,14.2
76,13171,13.0,39.4,31.8,15.8
77,13199,20.3,39.8,29.5,10.4
78,13211,12.3,36.0,30.9,20.7
79,13217,13.4,33.8,33.1,19.8
80,13223,10.6,32.9,33.8,22.6
81,13227,14.7,31.5,30.7,23.1
82,13231,11.8,41.8,29.3,17.1
83,13247,11.2,31.5,31.0,26.3
84,13255,18.1,39.8,24.3,17.8
85,13297,13.1,36.0,29.1,21.7
86,17005,10.8,33.1,33.3,22.9
87,17013,8.4,43.4,33.9,14.2
88,17027,9.9,31.9,35.9,22.3
89,17031,12.9,23.1,25.2,38.8
90,17037,7.7,24.9,35.1,32.3
91,17043,7.0,18.2,25.4,49.4
92,17063,6.8,33.8,36.5,22.9
93,17083,7.7,38.8,33.2,20.3
94,17089,15.4,22.7,28.7,33.1
95,17093,7.6,22.9,33.4,36.2
96,17097,9.4,20.8,24.6,45.3
97,17111,6.9,26.5,32.2,34.4
98,17117,8.7,39.8,33.1,18.4
99,17119,7.5,29.8,35.8,26.8
100,17133,4.0,27.6,33.3,35.0
101,17163,8.9,28.1,34.9,28.0
102,17197,9.0,26.9,29.8,34.3
103,18011,6.3,19.5,24.9,49.3
104,18013,7.9,32.9,30.3,28.9
105,18019,10.6,34.6,33.7,21.2
106,18029,10.4,38.9,27.9,22.9
107,18043,9.2,30.9,30.3,29.6
108,18057,3.2,14.9,22.5,59.3
109,18059,7.1,32.7,29.3,30.8
110,18061,11.6,39.6,30.1,18.7
111,18063,6.0,27.5,29.5,37.0
112,18073,11.8,43.2,30.8,14.3
113,18081,7.9,31.1,28.3,32.7
114,18089,11.3,35.1,31.0,22.6
115,18095,11.6,39.4,30.6,18.4
116,18097,13.9,28.0,27.2,30.9
117,18109,11.9,39.3,31.6,17.3
118,18111,14.3,42.8,31.1,11.9
119,18115,12.4,43.1,29.8,14.7
120,18127,6.4,35.0,30.1,28.4
121,18133,11.1,42.4,29.7,16.8
122,18143,16.8,43.5,27.7,12.0
123,18145,12.7,42.4,26.2,18.7
124,18161,12.6,43.4,25.6,18.5
125,18175,15.0,43.1,28.5,13.4
126,20091,4.0,14.5,25.5,56.0
127,20103,7.8,28.3,32.4,31.5
128,20107,10.3,38.9,34.7,16.2
129,20121,4.0,31.8,34.4,29.8
130,20209,21.1,32.1,28.6,18.1
131,21015,6.9,27.5,33.5,32.1
132,21023,14.3,46.4,26.2,13.2
133,21029,11.5,41.6,32.1,14.7
134,21037,9.2,28.2,26.2,36.3
135,21077,18.8,44.2,25.4,11.6
136,21081,13.4,47.4,26.3,12.9
137,21103,14.9,41.2,30.8,13.1
138,21111,9.4,26.7,30.5,33.4
139,21117,10.1,28.7,29.5,31.7
140,21185,6.2,20.7,30.8,42.4
141,21191,16.2,43.8,26.8,13.2
142,21211,13.5,30.3,31.3,24.9
143,21215,9.6,36.3,33.8,20.3
144,21223,17.2,46.3,22.4,14.1
145,22051,14.3,30.8,28.0,26.8
146,22071,13.5,22.8,26.2,37.6
147,22075,16.3,35.5,29.2,19.1
148,22087,19.8,32.6,36.0,11.6
149,22089,10.0,34.5,30.3,25.3
150,22093,14.6,41.1,27.9,16.3
151,22095,13.9,38.8,31.4,15.9
152,22103,9.5,26.6,30.1,33.8
153,24003,7.6,23.7,27.0,41.7
154,24005,8.5,25.8,26.4,39.4
155,24009,5.3,30.3,32.0,32.4
156,24013,7.3,29.4,26.9,36.4
157,24015,10.5,36.1,29.4,23.9
158,24017,6.8,31.7,32.6,28.9
159,24021,7.5,24.1,27.0,41.4
160,24025,7.3,26.0,30.0,36.7
161,24027,4.5,13.5,19.5,62.6
162,24031,9.0,13.4,18.7,58.9
163,24033,13.3,25.8,27.8,33.1
164,24035,6.8,28.9,27.8,36.5
165,24510,14.8,29.1,24.2,31.9
166,25005,14.3,29.9,27.1,28.7
167,25009,10.7,25.1,24.4,39.9
168,25017,6.6,19.0,18.1,56.3
169,25021,6.1,19.2,21.1,53.6
170,25023,7.1,27.8,27.5,37.6
171,25025,13.7,22.1,18.2,46.1
172,26087,9.1,35.8,36.8,18.3
173,26093,4.8,25.8,34.0,35.4
174,26099,10.1,29.7,35.4,24.9
175,26125,5.9,18.6,28.3,47.2
176,26147,9.2,34.0,38.1,18.6
177,26163,13.5,30.1,32.5,23.9
178,27003,6.0,27.9,35.6,30.5
179,27019,3.9,18.2,29.0,48.9
180,27025,5.4,33.8,39.4,21.5
181,27037,4.9,20.4,32.4,42.2
182,27053,6.7,16.4,26.9,50.1
183,27059,7.5,34.6,39.4,18.5
184,27079,6.1,35.8,35.1,23.0
185,27095,10.2,38.6,36.5,14.7
186,27123,9.7,20.9,27.2,42.3
187,27139,5.3,22.2,32.6,39.9
188,27141,5.4,28.5,39.5,26.6
189,27143,9.3,39.2,35.1,16.4
190,27163,3.9,21.0,30.8,44.3
191,27171,5.1,29.4,36.0,29.6
192,28009,27.4,33.4,27.7,11.5
193,28033,9.6,29.2,36.2,25.0
194,28093,17.9,38.8,29.5,13.8
195,28137,17.0,35.4,31.7,15.8
196,28143,16.5,33.4,33.2,16.9
197,29013,12.6,44.2,27.1,16.1
198,29025,10.2,43.7,27.9,18.1
199,29037,7.6,33.9,32.2,26.3
200,29047,6.7,28.4,31.8,33.2
201,29049,8.0,40.0,30.3,21.6
202,29071,11.6,32.7,34.8,20.9
203,29095,9.4,28.3,30.7,31.6
204,29099,10.9,31.6,37.1,20.4
205,29107,9.4,43.5,26.8,20.3
206,29113,10.5,42.3,30.4,16.8
207,29165,4.2,22.1,30.6,43.1
208,29177,11.9,45.1,28.4,14.6
209,29183,5.2,24.6,31.3,38.9
210,29189,6.5,21.2,28.6,43.6
211,29219,11.3,37.6,32.0,19.1
212,29510,12.2,23.9,27.5,36.3
213,32003,13.9,28.5,33.1,24.5
214,33015,4.9,25.4,28.3,41.4
215,33017,7.2,27.6,29.4,35.8
216,34003,7.5,22.7,20.5,49.3
217,34005,6.3,28.1,27.6,38.0
218,34007,11.3,29.5,26.7,32.5
219,34013,13.9,28.0,22.6,35.5
220,34015,7.1,32.0,27.9,33.0
221,34017,15.2,25.1,17.4,42.3
222,34019,5.0,21.0,21.3,52.7
223,34023,10.2,25.3,21.0,43.6
224,34025,6.6,23.4,24.0,46.0
225,34027,5.5,20.1,20.4,54.1
226,34029,8.0,34.0,28.0,30.0
227,34031,16.3,34.5,21.0,28.2
228,34033,11.2,38.4,29.4,21.0
229,34035,5.5,20.3,19.6,54.7
230,34037,5.1,30.6,28.2,36.1
231,34039,13.6,28.6,21.8,36.0
232,36005,27.2,27.9,24.8,20.1
233,36027,8.9,26.8,29.2,35.0
234,36029,8.2,27.6,29.9,34.4
235,36047,17.6,25.7,19.2,37.5
236,36051,9.4,31.9,32.2,26.5
237,36055,9.6,23.4,28.4,38.6
238,36059,8.6,22.7,22.8,46.0
239,36061,12.7,12.4,13.5,61.3
240,36063,8.8,33.2,33.4,24.6
241,36069,6.1,26.4,31.2,36.3
242,36071,10.3,29.3,30.2,30.3
243,36073,12.3,38.3,33.2,16.2
244,36079,7.0,27.1,26.3,39.6
245,36081,18.0,27.5,22.3,32.2
246,36085,11.3,30.4,24.5,33.9
247,36087,11.8,22.5,24.6,41.1
248,36103,9.4,27.3,26.9,36.3
249,36117,10.8,33.7,32.8,22.6
250,36119,11.9,19.2,19.9,48.9
251,36123,13.6,32.6,28.5,25.2
252,37025,10.1,25.2,32.5,32.3
253,37053,9.5,28.8,38.3,23.5
254,37069,13.8,29.8,34.4,22.0
255,37071,15.2,30.7,32.9,21.2
256,37073,10.9,37.9,36.8,14.3
257,37097,10.7,28.3,32.6,28.4
258,37101,13.1,27.8,36.2,22.9
259,37109,12.1,31.1,33.8,23.0
260,37119,9.7,17.0,27.9,45.4
261,37159,14.4,32.6,34.5,18.5
262,37179,10.4,24.6,29.7,35.4
263,37183,7.0,15.1,25.1,52.8
264,39015,12.1,45.6,27.4,14.9
265,39017,9.4,32.9,27.5,30.2
266,39025,9.8,32.4,29.3,28.6
267,39035,10.2,27.8,29.5,32.5
268,39041,3.6,18.3,23.8,54.3
269,39045,7.4,34.0,31.0,27.6
270,39049,8.8,24.6,26.5,40.0
271,39055,9.8,25.3,26.9,38.0
272,39061,8.6,26.3,27.2,37.9
273,39073,10.9,45.6,29.1,14.4
274,39085,7.7,31.8,33.1,27.4
275,39089,8.5,34.3,31.1,26.1
276,39093,10.3,31.0,33.8,24.9
277,39097,13.0,41.6,27.9,17.5
278,39103,4.9,31.0,30.2,33.9
279,39117,12.3,43.9,29.9,13.8
280,39127,12.7,47.5,27.7,12.2
281,39129,12.8,42.6,26.2,18.4
282,39159,6.6,32.0,25.9,35.5
283,39165,6.2,25.8,25.1,43.0
284,40017,8.6,29.8,34.2,27.4
285,40027,8.2,24.7,33.7,33.4
286,40051,9.9,40.3,29.9,19.9
287,40081,12.8,40.8,30.9,15.5
288,40083,9.9,32.5,30.0,27.7
289,40087,9.9,32.8,32.3,25.0
290,40109,12.6,25.7,29.7,32.0
291,41005,6.6,21.2,34.7,37.4
292,41009,8.7,33.8,39.0,18.5
293,41051,8.5,17.0,28.7,45.9
294,41067,7.8,17.4,30.4,44.4
295,41071,11.1,24.6,37.5,26.9
296,42003,5.4,27.0,26.0,41.6
297,42005,9.7,49.0,24.6,16.7
298,42007,6.9,36.8,31.6,24.7
299,42017,6.1,28.2,24.4,41.3
300,42019,5.1,32.7,26.2,36.0
301,42029,6.4,20.8,19.8,53.0
302,42045,6.9,30.2,23.8,39.0
303,42051,11.6,48.0,23.1,17.3
304,42091,5.6,23.6,21.6,49.3
305,42101,15.3,32.6,22.4,29.7
306,42103,7.0,34.3,31.8,26.8
307,42125,6.9,37.3,25.8,30.0
308,42129,5.6,36.9,28.3,29.1
309,44001,9.1,19.4,22.5,49.0
310,44003,7.8,28.0,30.9,33.3
311,44005,6.0,22.1,23.8,48.1
312,44007,14.2,31.0,25.8,29.0
313,44009,5.1,22.8,26.0,46.1
314,45023,17.9,39.3,29.4,13.4
315,45057,14.1,29.9,29.1,26.9
316,45091,9.2,25.1,32.4,33.3
317,47015,15.5,45.6,23.2,15.8
318,47021,13.0,37.1,28.8,21.0
319,47037,10.9,22.1,25.3,41.7
320,47043,16.3,41.8,25.7,16.2
321,47047,13.8,32.1,31.9,22.2
322,47081,21.4,44.3,23.3,10.9
323,47111,19.7,45.7,24.3,10.3
324,47119,9.8,35.7,31.4,23.0
325,47147,12.8,38.1,29.5,19.6
326,47149,8.2,27.8,31.7,32.2
327,47157,11.6,27.5,29.3,31.6
328,47159,14.7,46.5,24.3,14.4
329,47165,10.3,30.9,30.7,28.1
330,47167,12.2,37.6,32.9,17.3
331,47169,15.6,38.4,32.3,13.8
332,47187,4.7,13.3,22.2,59.8
333,47189,8.4,29.0,30.2,32.4
334,48013,22.9,38.7,23.9,14.4
335,48015,16.0,29.2,30.9,23.9
336,48019,10.7,32.3,34.2,22.8
337,48021,18.1,30.4,30.9,20.7
338,48029,15.8,25.4,30.8,28.0
339,48039,12.1,25.5,32.4,30.0
340,48055,21.8,37.9,25.7,14.6
341,48071,11.5,27.0,38.8,22.7
342,48085,6.2,15.0,26.5,52.3
343,48091,7.4,25.0,30.8,36.8
344,48113,20.7,22.6,25.3,31.5
345,48121,7.5,17.8,29.6,45.1
346,48139,13.8,27.7,34.2,24.3
347,48157,9.4,17.9,26.5,46.2
348,48167,11.0,24.9,33.0,31.1
349,48187,11.3,30.5,30.1,28.2
350,48201,18.6,23.4,26.6,31.5
351,48209,9.9,23.3,29.5,37.2
352,48221,10.6,30.0,33.0,26.4
353,48231,15.5,34.0,30.6,19.9
354,48251,14.3,35.9,31.1,18.7
355,48257,14.2,32.4,32.9,20.5
356,48259,7.2,20.6,30.1,42.1
357,48291,22.7,37.8,29.8,9.7
358,48325,16.8,31.0,32.3,19.8
359,48339,12.3,22.8,30.4,34.5
360,48367,11.4,28.8,33.4,26.4
361,48397,7.3,18.7,33.3,40.7
362,48425,10.4,38.5,24.7,26.4
363,48439,13.9,24.0,29.9,32.3
364,48453,10.7,16.5,22.9,50.0
365,48473,17.5,32.5,28.9,21.1
366,48491,6.8,20.5,31.4,41.3
367,48493,12.4,36.1,29.7,21.8
368,48497,14.7,34.8,32.5,18.0
369,49035,9.2,22.6,32.6,35.6
370,49045,8.7,29.3,37.7,24.2
371,51007,16.1,40.8,25.9,17.1
372,51013,5.7,7.8,11.2,75.3
373,51033,14.9,37.7,27.5,19.9
374,51036,20.3,38.3,26.7,14.7
375,51041,7.7,23.6,28.3,40.5
376,51043,10.9,29.6,27.3,32.2
377,51047,13.9,31.2,29.2,25.7
378,51053,16.8,36.0,28.5,18.6
379,51059,7.5,12.8,18.1,61.6
380,51061,7.5,26.6,29.5,36.4
381,51073,10.4,32.4,33.9,23.3
382,51075,8.6,23.8,25.7,41.8
383,51085,6.9,25.5,27.9,39.8
384,51087,8.3,21.2,26.8,43.7
385,51093,12.1,27.9,32.9,27.0
386,51095,4.9,17.8,26.9,50.4
387,51101,7.9,34.3,36.8,21.0
388,51107,6.1,12.4,20.2,61.3
389,51115,9.5,30.8,31.8,27.9
390,51127,7.3,34.5,31.3,26.9
391,51145,10.1,30.0,30.6,29.2
392,51149,9.4,33.8,33.2,23.6
393,51153,11.5,20.0,27.3,41.1
394,51157,11.6,27.6,25.0,35.8
395,51177,8.8,29.5,29.9,31.7
396,51179,6.8,22.9,30.4,39.9
397,51183,19.7,42.5,25.1,12.7
398,51187,13.1,35.9,29.3,21.7
399,51199,5.3,18.9,28.7,47.1
400,51510,7.0,11.6,18.3,63.1
401,51550,7.9,24.0,34.9,33.2
402,51570,8.5,31.4,34.6,25.5
403,51600,6.0,13.4,19.8,60.8
404,51610,1.1,7.3,14.1,77.6
405,51630,9.8,23.7,25.5,40.9
406,51650,8.6,29.1,35.5,26.9
407,51670,18.7,36.7,29.8,14.8
408,51683,17.3,25.8,27.3,29.6
409,51685,17.3,26.4,28.4,27.9
410,51700,9.0,28.5,36.2,26.3
411,51710,12.0,25.6,33.6,28.8
412,51730,17.2,35.7,27.3,19.8
413,51735,5.1,25.9,26.8,42.2
414,51740,11.7,30.1,36.3,21.9
415,51760,14.6,21.8,24.0,39.6
416,51800,10.1,27.1,33.3,29.5
417,51810,6.5,21.0,36.5,36.0
418,51830,5.3,18.7,19.2,56.8
419,53011,7.3,24.2,37.8,30.6
420,53033,6.9,15.0,25.6,52.5
421,53053,8.5,27.2,37.1,27.2
422,53059,8.4,30.4,36.8,24.5
423,53061,7.7,23.3,36.2,32.8
424,54037,10.2,31.0,27.1,31.8
425,55059,9.9,30.1,33.9,26.1
426,55079,11.7,28.4,29.0,31.0
427,55089,3.2,20.0,27.9,49.0
428,55093,4.9,32.1,33.9,29.2
429,55109,3.8,24.6,36.2,35.4
430,55131,5.1,30.3,33.2,31.5
431,55133,3.8,22.7,29.1,44.5
432,72007,29.3,29.7,23.1,17.8
433,72009,21.9,34.6,21.7,21.8
434,72017,25.9,30.7,21.3,22.1
435,72019,27.3,30.5,22.8,19.5
436,72021,19.3,23.8,28.1,28.8
437,72025,18.6,26.9,23.2,31.4
438,72029,24.9,31.2,20.7,23.2
439,72031,15.4,26.1,26.7,31.8
440,72033,26.5,30.0,23.2,20.3
441,72035,24.6,30.7,20.5,24.2
442,72037,26.8,32.0,23.2,18.1
443,72039,32.9,29.4,22.0,15.8
444,72041,23.9,31.0,21.2,23.9
445,72045,29.7,29.2,27.8,13.3
446,72047,30.7,26.2,23.9,19.2
447,72051,19.1,29.2,21.6,30.1
448,72053,19.9,34.0,20.8,25.3
449,72054,22.4,36.1,28.4,13.2
450,72061,15.5,16.9,22.4,45.1
451,72063,19.7,23.4,23.5,33.4
452,72069,23.4,30.8,22.7,23.1
453,72077,24.5,29.2,27.2,19.0
454,72085,22.2,24.3,31.2,22.4
455,72087,25.0,39.4,20.8,14.7
456,72089,23.0,32.0,24.6,20.4
457,72091,27.4,29.3,20.9,22.4
458,72095,33.5,26.2,23.4,16.9
459,72101,29.5,27.6,26.4,16.5
460,72103,26.4,33.4,20.0,20.2
461,72105,29.2,24.6,30.0,16.1
462,72107,32.3,33.4,17.3,17.0
463,72119,21.9,33.1,22.2,22.8
464,72127,18.7,21.9,22.2,37.3
465,72129,28.1,26.0,27.6,18.3
466,72135,17.4,24.2,29.1,29.3
467,72137,18.9,26.9,27.5,26.8
468,72139,15.6,24.7,23.7,36.0
469,72143,27.0,27.6,23.2,22.2
470,72145,28.4,26.2,24.1,21.2
471,72151,29.0,25.7,27.2,18.0
472,1001,11.5,33.6,28.4,26.6
473,1003,9.2,27.7,31.3,31.9
474,1015,15.6,32.8,33.2,18.5
475,1033,14.8,37.8,29.2,18.1
476,1051,13.4,32.5,29.1,25.1
477,1055,15.4,32.9,33.9,17.8
478,1061,19.7,36.0,31.8,12.5
479,1065,16.0,43.4,26.4,14.2
480,1067,20.6,32.6,29.8,17.1
481,1069,14.0,31.2,33.1,21.7
482,1077,12.6,36.0,27.9,23.5
483,1079,20.7,41.2,25.5,12.6
484,1081,9.1,23.7,31.8,35.3
485,1083,15.3,30.4,28.6,25.7
486,1085,21.7,39.6,24.0,14.7
487,1089,8.3,20.6,28.3,42.8
488,1097,13.5,34.0,29.3,23.2
489,1101,13.3,25.0,28.4,33.4
490,1103,15.9,30.4,31.3,22.4
491,1107,18.5,37.2,30.2,14.1
492,1113,16.2,31.4,34.6,17.8
493,1125,11.7,29.9,27.7,30.7
494,2020,6.1,23.4,34.4,36.1
495,2090,5.5,22.6,40.5,31.4
496,2170,7.1,33.1,38.3,21.6
497,4003,12.6,24.1,40.2,23.1
498,4005,9.5,22.0,32.3,36.2
499,4015,13.9,35.3,37.8,12.9
500,4019,11.6,22.2,33.8,32.4
501,4025,9.0,25.8,39.3,25.9
502,4027,26.7,25.7,32.5,15.0
503,5007,11.4,29.2,26.1,33.4
504,5025,10.4,46.6,26.8,16.2
505,5031,10.7,34.6,28.5,26.2
506,5033,15.0,37.3,31.7,16.0
507,5045,8.2,30.5,30.8,30.6
508,5051,10.9,31.4,36.0,21.6
509,5053,9.2,43.8,28.3,18.7
510,5069,13.9,38.9,29.3,18.0
511,5079,18.9,47.3,24.1,9.7
512,5081,11.0,44.7,31.8,12.5
513,5085,10.9,36.7,31.8,20.6
514,5087,19.4,43.9,22.6,14.2
515,5091,13.5,35.3,34.4,16.8
516,5105,15.2,41.7,30.5,12.7
517,5111,19.7,43.1,26.2,11.1
518,5119,9.6,26.0,30.1,34.3
519,5125,9.4,31.4,32.6,26.7
520,5131,15.9,31.0,31.7,21.3
521,5143,15.0,25.7,26.0,33.3
522,6007,10.8,22.5,39.5,27.2
523,6019,24.0,22.7,32.1,21.2
524,6025,30.3,24.3,30.2,15.2
525,6029,25.9,27.8,29.9,16.4
526,6031,26.6,25.3,33.4,14.7
527,6039,28.1,24.9,32.5,14.6
528,6047,30.9,25.3,30.1,13.8
529,6053,28.5,20.3,26.5,24.7
530,6055,14.5,17.8,32.0,35.7
531,6077,20.7,28.3,32.2,18.8
532,6079,8.7,19.9,36.0,35.4
533,6083,19.1,17.8,29.0,34.2
534,6087,13.7,15.5,30.0,40.8
535,6089,8.9,25.4,43.5,22.2
536,6095,11.6,23.8,37.7,26.9
537,6097,11.2,18.7,34.5,35.5
538,6099,21.1,29.3,32.5,17.1
539,6101,21.8,23.3,36.6,18.2
540,6107,29.2,25.5,30.7,14.6
541,6111,15.0,19.2,32.1,33.8
542,6115,17.7,23.6,41.6,17.1
543,8013,5.0,11.7,21.2,62.1
544,8041,5.8,20.4,35.3,38.5
545,8069,4.1,19.0,29.6,47.3
546,8077,9.5,27.6,34.7,28.2
547,8101,10.3,29.1,38.8,21.8
548,8119,2.8,23.2,36.3,37.7
549,8123,11.9,27.3,33.2,27.5
550,9001,10.0,21.5,20.6,47.9
551,9009,9.9,30.7,24.4,35.0
552,9011,7.7,29.5,29.5,33.3
553,9015,11.6,33.2,30.9,24.3
554,10001,12.6,32.9,30.8,23.7
555,10005,11.9,31.2,28.7,28.3
556,12001,7.4,21.2,28.1,43.3
557,12005,9.3,31.0,35.9,23.7
558,12009,7.8,28.3,33.8,30.2
559,12015,9.4,34.6,32.6,23.4
560,12017,11.6,37.2,32.9,18.3
561,12021,12.9,25.8,24.9,36.4
562,12033,9.5,27.2,36.7,26.5
563,12035,7.8,34.3,32.8,25.1
564,12039,20.2,36.2,27.4,16.2
565,12041,14.6,42.1,29.9,13.4
566,12045,14.5,35.8,30.4,19.2
567,12055,14.3,38.8,29.8,17.2
568,12061,10.6,30.4,29.8,29.1
569,12065,18.0,34.7,25.0,22.3
570,12071,11.6,31.0,29.2,28.2
571,12073,6.5,19.0,28.3,46.2
572,12081,10.3,30.1,29.9,29.8
573,12083,12.4,36.9,30.6,20.1
574,12085,9.0,24.9,32.0,34.1
575,12091,7.6,24.7,36.5,31.1
576,12105,15.0,34.7,30.1,20.2
577,12111,13.7,33.2,31.5,21.6
578,12113,8.7,26.8,36.8,27.7
579,12115,6.9,28.9,28.8,35.4
580,12119,7.9,30.4,30.0,31.8
581,12127,9.5,31.8,35.0,23.7
582,12129,12.3,36.2,33.2,18.3
583,12131,10.9,28.5,32.1,28.5
584,13007,19.4,37.9,29.8,12.9
585,13021,14.0,30.5,30.1,25.4
586,13025,21.1,44.6,25.4,8.9
587,13027,14.9,35.0,32.4,17.8
588,13029,8.4,24.3,34.2,33.1
589,13033,19.9,38.3,28.5,13.2
590,13047,12.5,32.9,33.2,21.4
591,13051,10.1,24.2,32.1,33.6
592,13053,5.7,28.3,36.5,29.5
593,13059,12.0,19.9,24.1,44.0
594,13073,7.3,23.8,32.6,36.4
595,13079,16.9,40.0,32.6,10.5
596,13083,19.3,37.7,27.9,15.2
597,13095,16.6,30.2,31.8,21.4
598,13101,25.8,41.9,22.5,9.7
599,13103,11.7,37.5,30.8,20.0
600,13115,17.6,34.3,27.2,20.9
601,13127,11.9,26.7,31.5,29.9
602,13139,20.9,27.7,26.9,24.5
603,13145,7.8,23.7,37.1,31.4
604,13153,8.4,27.0,36.2,28.3
605,13169,10.9,39.2,30.3,19.6
606,13173,20.0,37.9,25.6,16.5
607,13177,9.1,29.8,35.7,25.4
608,13179,9.3,31.6,40.9,18.3
609,13181,17.9,39.7,26.6,15.9
610,13183,12.3,34.7,35.5,17.4
611,13185,13.4,31.4,29.9,25.3
612,13189,16.6,41.6,27.7,14.0
613,13191,14.8,37.4,30.2,17.6
614,13195,16.8,39.8,24.9,18.5
615,13197,22.2,35.5,28.9,13.4
616,13207,14.3,33.3,25.6,26.8
617,13213,29.3,37.4,23.2,10.1
618,13215,12.0,27.4,34.9,25.8
619,13219,5.5,19.3,22.9,52.3
620,13221,20.3,38.9,23.8,17.1
621,13225,17.0,29.8,32.6,20.5
622,13235,18.9,36.8,31.1,13.2
623,13245,15.9,31.4,31.4,21.4
624,13273,22.5,32.3,33.9,11.2
625,13289,25.8,38.5,23.9,11.8
626,13295,18.0,35.2,30.1,16.6
627,13313,30.5,29.4,24.3,15.7
628,13321,17.1,42.7,29.2,11.0
629,15003,8.1,25.9,31.0,35.0
630,15005,9.7,27.4,38.7,24.2
631,15009,8.0,31.3,33.5,27.2
632,16001,4.8,22.4,34.3,38.5
633,16005,7.5,26.4,38.2,27.8
634,16015,5.7,30.6,36.6,27.1
635,16019,8.0,25.4,35.2,31.3
636,16023,7.2,36.0,40.6,16.2
637,16027,14.9,32.1,34.4,18.7
638,16041,9.7,37.8,34.8,17.7
639,16045,12.2,37.0,33.4,17.5
640,16051,9.8,25.5,40.0,24.7
641,16055,6.8,27.2,40.7,25.2
642,16069,8.0,32.1,37.0,22.9
643,16073,23.9,33.4,30.8,12.0
644,17003,13.5,40.7,32.9,12.9
645,17007,13.8,34.8,27.9,23.5
646,17019,5.0,22.0,28.0,45.0
647,17039,8.5,37.8,32.5,21.3
648,17053,9.6,35.5,33.6,21.4
649,17073,8.8,33.7,34.2,23.3
650,17077,8.1,24.1,33.7,34.1
651,17091,11.8,34.4,33.0,20.8
652,17113,4.1,24.6,26.5,44.8
653,17115,9.6,35.4,32.9,22.1
654,17123,7.1,39.4,34.6,18.9
655,17129,5.9,35.8,34.3,24.0
656,17131,8.1,39.6,35.0,17.4
657,17143,9.1,27.6,32.7,30.6
658,17147,6.1,33.9,31.4,28.6
659,17161,11.4,29.5,35.6,23.5
660,17167,7.5,27.2,30.8,34.5
661,17175,8.7,41.6,32.6,17.0
662,17179,7.3,31.7,34.7,26.3
663,17183,11.5,41.2,32.5,14.7
664,17199,7.7,31.1,36.9,24.3
665,17201,12.3,31.7,33.1,22.9
666,17203,5.2,31.3,30.3,33.2
667,18003,10.6,28.2,32.6,28.5
668,18005,9.4,30.8,26.3,33.5
669,18007,10.1,42.8,30.9,16.1
670,18015,11.6,40.8,31.0,16.7
671,18021,8.6,43.8,30.6,17.0
672,18035,10.3,35.1,30.9,23.7
673,18039,19.2,34.7,26.3,19.8
674,18067,10.5,35.9,32.0,21.6
675,18091,11.5,39.6,30.9,18.0
676,18105,7.3,22.2,24.8,45.7
677,18119,14.6,44.4,27.9,13.1
678,18129,6.6,38.2,33.3,21.9
679,18141,11.5,30.7,28.2,29.6
680,18153,11.3,44.2,32.4,12.1
681,18157,8.4,25.4,27.5,38.7
682,18163,9.9,32.5,30.6,27.0
683,18165,9.0,43.4,33.4,14.2
684,18167,11.6,32.0,31.2,25.1
685,18173,6.8,31.3,31.7,30.3
686,18179,7.8,40.2,33.8,18.2
687,18183,8.2,39.2,31.9,20.7
688,19011,5.9,36.9,35.0,22.1
689,19013,8.6,30.5,31.8,29.1
690,19017,3.6,32.9,32.8,30.7
691,19049,4.4,17.7,27.6,50.4
692,19061,7.3,32.7,29.2,30.8
693,19075,5.4,31.6,35.1,27.9
694,19077,6.9,38.9,34.4,19.8
695,19085,8.5,37.2,34.9,19.5
696,19103,5.1,16.3,25.9,52.8
697,19105,7.7,39.6,33.3,19.5
698,19113,5.5,27.0,34.3,33.1
699,19121,5.8,36.6,33.2,24.5
700,19129,7.2,34.1,34.6,24.1
701,19149,6.9,33.9,36.1,23.2
702,19153,8.5,24.5,30.3,36.7
703,19155,10.5,32.7,35.3,21.5
704,19163,7.2,29.6,31.4,31.8
705,19169,2.8,17.4,28.1,51.6
706,19181,4.6,30.8,32.7,31.9
707,19183,8.6,39.3,30.3,21.8
708,19193,12.9,32.2,31.8,23.1
709,20015,7.5,25.9,36.9,29.8
710,20043,9.7,36.8,32.4,21.1
711,20045,4.6,18.4,27.4,49.6
712,20079,9.5,23.7,33.5,33.2
713,20085,5.4,39.0,35.3,20.2
714,20087,6.5,39.7,30.6,23.2
715,20095,6.4,33.0,36.2,24.4
716,20139,9.2,39.1,32.4,19.2
717,20149,5.8,29.1,31.4,33.8
718,20161,4.2,19.1,31.1,45.6
719,20173,10.4,26.3,32.4,30.9
720,20177,7.8,31.4,29.9,30.9
721,20191,7.7,34.9,34.1,23.3
722,20197,4.6,34.9,36.3,24.2
723,21003,17.9,38.5,27.5,16.1
724,21017,16.0,35.6,28.9,19.4
725,21019,11.8,33.9,35.0,19.4
726,21031,20.4,42.9,22.8,13.9
727,21047,14.4,31.0,36.4,18.1
728,21049,13.8,34.3,31.8,20.1
729,21059,10.0,34.1,32.9,22.9
730,21061,21.9,39.3,28.5,10.3
731,21067,8.8,19.6,28.0,43.6
732,21089,11.0,36.0,35.9,17.1
733,21091,14.6,43.4,30.6,11.4
734,21093,9.5,30.4,38.1,22.0
735,21101,13.1,36.0,32.7,18.2
736,21113,12.7,30.5,27.3,29.5
737,21123,16.0,39.2,32.4,12.4
738,21149,12.7,41.2,32.6,13.5
739,21163,11.3,35.5,33.8,19.4
740,21209,9.0,30.3,32.3,28.4
741,21221,12.0,33.2,38.3,16.6
742,21227,11.9,26.6,29.3,32.2
743,21239,8.9,29.8,27.5,33.8
744,22001,21.0,41.3,24.3,13.3
745,22005,11.4,32.3,29.9,26.4
746,22015,10.3,29.7,34.8,25.2
747,22017,13.0,33.7,29.8,23.5
748,22019,13.2,34.1,30.5,22.3
749,22023,15.3,40.3,31.8,12.7
750,22031,17.4,42.6,25.1,14.8
751,22033,9.5,27.3,28.3,34.9
752,22037,20.0,43.5,23.9,12.7
753,22043,17.5,46.8,27.1,8.5
754,22045,20.1,43.7,22.7,13.6
755,22047,20.4,41.3,24.4,13.9
756,22055,11.4,30.4,25.2,33.0
757,22057,21.8,40.5,20.8,16.9
758,22063,14.8,38.1,27.4,19.7
759,22073,13.5,34.1,28.2,24.2
760,22077,20.2,39.3,25.6,14.9
761,22079,14.5,36.7,27.9,20.9
762,22091,22.5,38.5,22.4,16.7
763,22099,18.1,43.0,24.4,14.5
764,22105,16.4,37.2,26.5,20.0
765,22109,21.0,38.9,24.4,15.6
766,22111,14.3,44.8,23.6,17.2
767,22113,22.1,41.3,22.4,14.2
768,22119,16.1,42.0,26.5,15.4
769,22121,12.8,37.2,28.0,22.0
770,22125,17.9,31.8,26.1,24.2
771,23001,9.8,35.5,32.0,22.8
772,23005,4.9,22.2,25.4,47.6
773,23019,8.0,33.6,30.7,27.7
774,23023,6.0,30.0,27.7,36.4
775,23031,6.8,30.0,30.7,32.5
776,24001,9.8,41.8,29.5,18.9
777,24037,10.2,30.3,27.6,31.9
778,24039,18.7,39.7,27.2,14.4
779,24043,12.8,36.5,28.8,21.9
780,24045,12.8,32.3,27.7,27.2
781,24047,8.7,31.8,30.5,29.0
782,25001,4.5,23.7,28.3,43.4
783,25003,8.7,29.4,28.4,33.6
784,25013,14.2,30.7,28.0,27.1
785,25015,5.3,22.6,23.8,48.3
786,25027,9.3,27.8,26.6,36.4
787,26015,7.3,37.7,33.8,21.1
788,26017,9.5,34.6,36.6,19.3
789,26021,10.3,28.1,33.8,27.8
790,26025,9.0,36.8,33.2,21.0
791,26027,12.3,33.2,35.4,19.2
792,26037,5.5,26.8,35.7,32.1
793,26045,5.7,27.7,38.8,27.8
794,26049,9.4,31.6,37.8,21.2
795,26065,7.1,22.0,32.1,38.9
796,26075,9.2,32.6,36.0,22.2
797,26077,6.4,22.0,32.8,38.8
798,26081,9.3,24.1,30.9,35.7
799,26111,5.8,28.9,30.1,35.2
800,26115,8.6,35.2,35.7,20.5
801,26117,11.3,40.4,34.9,13.3
802,26121,8.7,34.0,37.5,19.7
803,26139,7.0,28.2,30.7,34.1
804,26145,10.6,33.3,35.3,20.8
805,26159,12.9,31.3,34.1,21.7
806,26161,4.7,14.6,24.7,55.9
807,27009,8.3,29.9,38.3,23.6
808,27013,5.5,26.5,33.2,34.8
809,27017,6.0,32.1,39.7,22.1
810,27027,5.1,23.7,37.0,34.2
811,27039,5.1,33.3,35.9,25.7
812,27045,9.0,34.1,34.7,22.2
813,27055,4.9,34.2,36.1,24.8
814,27103,6.0,25.2,35.0,33.8
815,27109,5.4,19.9,29.8,44.9
816,27119,8.1,30.6,35.9,25.3
817,27137,5.5,27.2,38.0,29.3
818,27145,8.3,28.0,36.2,27.5
819,27157,6.6,33.0,36.7,23.7
820,28029,19.8,34.4,31.3,14.5
821,28035,12.6,27.2,32.4,27.8
822,28045,12.5,28.1,37.3,22.0
823,28047,11.7,29.1,36.1,23.1
824,28049,12.5,25.0,33.5,29.0
825,28059,11.3,31.2,36.4,21.1
826,28073,10.6,24.2,31.1,34.1
827,28089,8.3,17.0,26.3,48.4
828,28111,17.0,40.4,31.8,10.7
829,28121,10.5,26.7,33.8,29.0
830,28127,20.3,30.1,33.4,16.2
831,28163,21.1,38.6,26.8,13.4
832,29003,8.3,37.4,29.5,24.9
833,29017,20.2,47.3,23.6,8.9
834,29019,5.5,21.3,27.1,46.1
835,29021,11.7,37.8,29.4,21.1
836,29027,13.8,36.1,27.0,23.1
837,29031,9.0,31.2,28.3,31.5
838,29043,8.0,29.4,34.0,28.6
839,29051,7.7,29.7,29.3,33.3
840,29059,16.6,44.5,26.0,12.9
841,29063,12.7,47.1,26.4,13.8
842,29077,8.2,28.0,33.3,30.5
843,29097,13.3,33.6,29.6,23.6
844,29119,22.4,41.3,24.8,11.5
845,29135,14.6,40.1,24.8,20.5
846,29145,12.9,34.5,32.6,20.0
847,29151,10.1,43.7,27.3,18.9
848,29167,11.6,39.0,29.5,19.9
849,29225,13.9,37.3,32.0,16.8
850,30009,5.8,31.1,32.7,30.4
851,30013,8.2,32.8,33.3,25.7
852,30037,8.0,40.7,28.5,22.7
853,30063,4.4,21.7,31.0,43.0
854,30111,5.9,30.2,31.8,32.1
855,31025,5.6,29.9,36.8,27.7
856,31043,23.5,35.3,28.2,13.0
857,31051,12.1,35.3,31.4,21.2
858,31055,9.4,21.4,29.5,39.7
859,31079,15.4,31.3,31.8,21.5
860,31081,4.9,30.0,40.1,25.0
861,31093,5.1,36.2,37.5,21.1
862,31109,6.3,21.5,32.6,39.5
863,31121,5.8,35.3,41.1,17.8
864,31153,4.5,21.7,34.0,39.8
865,31155,6.8,31.0,36.8,25.4
866,31159,6.0,28.6,36.5,28.9
867,31177,4.4,31.6,34.0,29.9
868,32029,6.4,27.8,34.5,31.4
869,32031,11.4,23.5,34.3,30.8
870,32510,13.0,26.0,38.9,22.2
871,33011,7.9,25.8,28.2,38.1
872,34001,13.0,32.0,26.9,28.1
873,34009,7.5,32.0,27.7,32.8
874,34011,20.6,39.4,24.4,15.6
875,34021,11.5,24.6,21.3,42.6
876,34041,8.5,30.6,27.9,33.0
877,35001,11.1,23.2,31.3,34.4
878,35013,20.6,22.7,29.6,27.1
879,35043,10.1,25.5,34.0,30.5
880,35045,15.1,30.5,39.5,14.9
881,35049,10.7,22.3,26.0,41.0
882,35057,15.4,37.7,32.0,14.8
883,35061,15.5,33.0,32.9,18.5
884,36001,7.9,23.0,27.4,41.8
885,36007,9.3,31.5,30.8,28.4
886,36015,9.7,35.3,31.7,23.3
887,36043,10.2,36.9,31.4,21.5
888,36045,9.0,34.7,34.1,22.2
889,36053,8.0,34.8,31.0,26.2
890,36065,11.5,31.9,30.9,25.7
891,36067,9.0,25.4,29.7,35.9
892,36075,11.8,37.5,31.7,19.0
893,36083,8.1,29.0,30.9,32.0
894,36091,6.0,24.9,27.8,41.4
895,36093,9.3,29.5,29.1,32.1
896,36095,10.3,35.7,31.5,22.4
897,36107,8.8,35.9,29.2,26.0
898,36109,5.6,19.0,21.9,53.5
899,36111,9.3,29.7,28.6,32.5
900,36113,8.1,30.6,30.0,31.3
901,36115,12.1,38.7,28.6,20.5
902,37001,13.7,27.7,33.8,24.8
903,37003,17.6,38.7,29.5,14.2
904,37019,8.7,27.9,33.5,29.9
905,37021,8.9,23.2,27.7,40.1
906,37023,18.4,31.4,33.8,16.4
907,37027,20.0,32.5,31.7,15.7
908,37035,14.1,30.0,33.3,22.6
909,37037,11.1,21.2,25.4,42.4
910,37049,11.2,26.0,37.5,25.3
911,37051,9.0,25.9,39.5,25.5
912,37057,16.1,32.8,32.6,18.5
913,37059,12.2,32.0,31.8,24.0
914,37063,11.6,17.7,22.4,48.2
915,37065,18.9,37.5,30.1,13.6
916,37067,10.8,25.7,29.5,34.0
917,37081,10.9,23.3,29.8,36.0
918,37087,12.0,26.4,35.7,26.0
919,37089,10.1,24.2,34.0,31.8
920,37093,12.9,28.7,40.6,17.7
921,37103,18.9,34.4,34.6,12.2
922,37115,13.0,31.3,27.2,28.5
923,37127,14.4,33.7,31.1,20.8
924,37129,6.8,21.3,31.3,40.6
925,37133,8.5,30.0,38.6,22.9
926,37135,7.3,13.6,19.4,59.7
927,37137,12.0,31.0,38.4,18.5
928,37141,12.2,27.6,32.2,27.9
929,37145,13.5,37.4,33.5,15.6
930,37147,10.7,23.8,32.8,32.7
931,37151,18.5,33.5,32.3,15.7
932,37157,17.3,34.9,32.7,15.1
933,37169,16.2,40.0,29.7,14.1
934,37191,15.5,30.5,35.0,19.0
935,37197,17.7,33.8,36.9,11.6
936,38015,5.7,22.7,35.8,35.8
937,38017,5.2,20.1,34.6,40.2
938,38035,4.9,22.2,37.3,35.6
939,38059,8.1,29.4,35.7,26.9
940,38065,8.7,30.8,39.4,21.1
941,38085,16.3,32.4,36.3,15.0
942,39003,9.7,38.8,32.5,18.9
943,39013,9.8,42.4,31.1,16.7
944,39019,10.5,49.7,26.5,13.3
945,39023,11.3,37.9,32.1,18.7
946,39051,8.7,41.7,31.9,17.6
947,39057,6.2,24.5,30.1,39.2
948,39081,9.0,44.8,30.4,15.8
949,39087,12.5,43.9,28.7,14.9
950,39095,10.7,29.7,33.3,26.3
951,39099,9.1,37.6,29.1,24.2
952,39109,8.8,36.6,31.3,23.3
953,39113,9.9,27.8,34.5,27.9
954,39133,7.6,36.6,26.8,29.0
955,39139,13.1,39.4,29.3,18.3
956,39151,8.4,38.2,30.6,22.8
957,39153,8.3,30.2,29.1,32.5
958,39155,10.6,44.5,26.1,18.7
959,39173,5.7,30.7,30.1,33.5
960,40031,10.0,32.8,35.1,22.2
961,40033,15.5,41.8,28.9,13.7
962,40037,12.6,40.0,30.4,17.0
963,40079,16.5,41.1,27.8,14.6
964,40111,13.7,36.0,36.2,14.1
965,40113,11.7,38.1,32.1,18.0
966,40117,11.2,44.2,27.9,16.6
967,40131,8.0,32.1,35.1,24.9
968,40135,18.7,38.6,28.2,14.4
969,40143,10.6,25.4,32.2,31.8
970,40145,9.4,32.9,34.5,23.2
971,41003,4.1,13.3,28.5,54.1
972,41017,6.3,21.8,36.5,35.4
973,41029,9.9,26.1,36.2,27.8
974,41033,9.6,31.0,41.9,17.5
975,41039,8.1,23.2,38.2,30.5
976,41043,10.5,29.0,41.2,19.3
977,41047,14.8,26.6,35.1,23.5
978,41053,9.1,23.5,36.4,31.0
979,42001,11.2,39.9,26.6,22.3
980,42011,13.3,36.7,25.1,24.9
981,42013,8.6,45.0,25.1,21.3
982,42021,8.0,45.4,25.5,21.1
983,42025,10.6,45.3,26.2,17.9
984,42027,5.7,29.4,19.4,45.5
985,42037,9.7,43.0,24.4,22.9
986,42041,7.7,32.0,23.8,36.6
987,42043,10.2,33.2,25.8,30.8
988,42049,8.7,38.5,24.9,27.9
989,42055,11.7,43.1,23.5,21.6
990,42069,9.0,36.9,25.9,28.3
991,42071,15.0,35.3,22.5,27.3
992,42075,12.8,44.0,22.5,20.7
993,42077,11.0,32.9,26.1,29.9
994,42079,10.2,39.0,28.0,22.9
995,42081,9.9,38.9,27.8,23.4
996,42085,10.1,43.0,24.1,22.8
997,42089,10.4,35.1,29.9,24.7
998,42093,9.4,40.1,18.9,31.6
999,42095,9.1,34.5,26.1,30.3
1000,42099,12.6,47.4,23.4,16.7
1001,42131,7.8,46.4,26.2,19.6
1002,42133,10.1,39.6,25.5,24.9
1003,45003,12.0,32.8,28.8,26.4
1004,45007,14.7,31.2,31.8,22.2
1005,45013,7.2,22.3,29.3,41.2
1006,45015,10.6,29.4,34.9,25.0
1007,45017,13.8,36.2,30.1,19.9
1008,45019,8.3,22.7,25.3,43.6
1009,45031,17.6,35.1,28.8,18.4
1010,45035,10.3,27.3,34.2,28.2
1011,45037,17.1,36.7,29.6,16.7
1012,45039,13.8,41.3,28.0,16.9
1013,45041,15.0,32.9,28.5,23.6
1014,45045,12.0,23.8,29.2,35.1
1015,45051,10.4,32.5,33.5,23.6
1016,45053,18.2,37.5,26.5,17.8
1017,45055,12.2,36.5,31.0,20.3
1018,45059,19.1,33.8,30.9,16.2
1019,45063,10.4,28.2,31.1,30.4
1020,45077,14.7,29.1,30.3,26.0
1021,45079,8.5,22.5,29.9,39.1
1022,45081,21.8,35.2,26.2,16.8
1023,45083,14.3,29.3,31.9,24.5
1024,45085,14.5,30.8,35.4,19.3
1025,45087,18.8,40.0,29.9,11.3
1026,46033,6.4,35.0,35.1,23.5
1027,46083,5.2,23.0,34.3,37.6
1028,46087,11.3,35.0,29.5,24.1
1029,46093,5.6,28.7,38.5,27.2
1030,46099,7.5,26.4,33.0,33.1
1031,46103,6.5,27.5,34.5,31.5
1032,46125,8.0,33.7,34.6,23.7
1033,46127,7.4,29.5,32.5,30.6
1034,47001,13.0,32.9,30.8,23.3
1035,47009,10.9,34.6,30.3,24.2
1036,47011,14.7,32.1,30.9,22.3
1037,47013,22.7,40.6,24.2,12.4
1038,47019,16.5,38.6,27.4,17.5
1039,47023,14.8,39.1,30.1,16.0
1040,47033,18.8,40.5,26.8,13.8
1041,47057,21.4,42.8,25.1,10.7
1042,47063,18.7,38.6,25.9,16.8
1043,47065,10.5,26.9,30.4,32.2
1044,47073,15.6,42.7,27.9,13.7
1045,47089,14.7,39.1,29.5,16.8
1046,47093,8.3,25.3,28.8,37.6
1047,47105,13.8,32.4,27.4,26.4
1048,47113,11.1,35.3,27.9,25.6
1049,47115,18.5,38.7,30.1,12.8
1050,47125,7.1,28.5,36.0,28.5
1051,47129,19.7,48.5,22.4,9.4
1052,47139,17.6,39.4,31.1,11.9
1053,47145,11.1,36.3,32.9,19.8
1054,47153,18.4,39.1,27.4,15.1
1055,47163,12.8,34.7,28.8,23.6
1056,47171,15.0,39.4,30.8,14.8
1057,47173,22.9,44.8,22.4,9.9
1058,47179,11.2,28.9,28.1,31.8
1059,48007,15.5,31.2,31.4,21.9
1060,48009,9.7,35.4,31.0,23.9
1061,48011,13.1,22.4,41.6,22.8
1062,48027,9.0,26.0,39.9,25.2
1063,48037,11.2,34.8,33.3,20.6
1064,48041,12.8,19.2,26.3,41.7
1065,48051,17.5,38.4,26.8,17.3
1066,48059,11.8,35.8,31.4,21.0
1067,48061,32.1,26.4,24.2,17.3
1068,48065,6.7,32.0,32.9,28.4
1069,48077,9.5,36.9,32.2,21.4
1070,48099,12.0,28.1,43.8,16.1
1071,48107,24.0,35.9,27.0,13.2
1072,48135,24.0,30.3,30.2,15.4
1073,48141,21.5,23.7,31.4,23.3
1074,48145,23.1,38.4,26.0,12.4
1075,48175,17.0,26.5,39.2,17.3
1076,48181,11.3,30.1,38.2,20.4
1077,48183,15.9,28.2,34.6,21.3
1078,48199,12.0,38.2,32.9,16.8
1079,48215,34.3,23.5,23.5,18.7
1080,48229,44.5,30.6,14.2,10.7
1081,48235,6.8,37.6,40.5,15.0
1082,48245,15.8,31.9,32.6,19.7
1083,48253,21.6,38.6,28.1,11.7
1084,48281,9.0,29.4,41.7,19.9
1085,48303,13.8,25.6,30.4,30.1
1086,48305,24.6,29.4,28.7,17.3
1087,48309,15.1,27.0,33.6,24.2
1088,48317,22.6,33.0,26.1,18.3
1089,48329,15.5,25.7,31.5,27.4
1090,48351,16.6,42.9,30.8,9.7
1091,48355,17.2,29.3,31.7,21.8
1092,48359,9.7,37.2,31.1,22.0
1093,48361,12.1,37.2,35.2,15.5
1094,48375,23.0,32.0,30.1,14.9
1095,48381,7.7,22.8,37.1,32.4
1096,48395,15.5,35.5,32.9,16.1
1097,48401,19.4,31.8,33.4,15.5
1098,48409,20.1,32.7,31.6,15.6
1099,48423,14.2,23.4,35.9,26.4
1100,48441,10.7,31.0,33.1,25.2
1101,48451,13.7,30.2,31.6,24.5
1102,48459,14.2,34.4,34.3,17.1
1103,48469,16.2,30.8,33.0,20.0
1104,48479,32.4,25.3,23.3,18.9
1105,48485,13.4,31.7,31.8,23.1
1106,49003,6.9,31.0,38.1,23.9
1107,49005,6.9,20.2,34.6,38.3
1108,49011,4.4,21.2,36.7,37.8
1109,49023,8.9,38.6,36.6,16.0
1110,49029,1.9,19.6,39.2,39.4
1111,49049,5.4,16.4,37.4,40.8
1112,49053,7.1,23.4,41.5,28.1
1113,49057,9.4,29.6,36.6,24.5
1114,50007,5.6,19.0,24.1,51.3
1115,50011,9.3,37.9,28.7,24.1
1116,50013,7.1,27.0,26.1,39.8
1117,51003,7.9,15.8,21.2,55.1
1118,51009,14.4,36.0,30.6,19.1
1119,51011,14.1,33.9,31.1,20.9
1120,51015,12.6,38.7,25.9,22.7
1121,51019,10.0,30.2,30.6,29.2
1122,51023,7.2,32.3,32.1,28.3
1123,51029,20.2,42.8,24.6,12.5
1124,51031,12.8,32.2,32.5,22.5
1125,51045,9.2,37.5,29.7,23.6
1126,51063,13.0,35.7,29.3,22.1
1127,51065,8.9,24.1,33.0,33.9
1128,51067,11.9,34.9,31.4,21.9
1129,51069,10.8,32.4,28.5,28.3
1130,51071,11.1,38.7,32.1,18.1
1131,51079,13.9,28.6,28.4,29.0
1132,51121,6.8,23.4,24.4,45.5
1133,51125,14.3,35.2,20.2,30.4
1134,51155,12.6,33.2,34.2,20.0
1135,51161,7.7,25.0,31.8,35.6
1136,51165,16.0,35.1,22.5,26.3
1137,51169,18.6,38.1,30.0,13.3
1138,51191,14.3,34.3,28.6,22.8
1139,51515,,,,
1140,51520,15.3,29.7,29.6,25.4
1141,51540,8.9,16.5,19.7,54.9
1142,51660,16.1,25.6,22.0,36.3
1143,51680,11.3,25.2,27.9,35.6
1144,51750,8.8,23.8,29.4,38.0
1145,51770,13.8,34.1,28.7,23.4
1146,51775,10.8,29.0,32.3,27.9
1147,51790,10.3,29.8,26.5,33.4
1148,51820,13.9,33.4,25.6,27.1
1149,51840,15.9,24.6,24.4,35.1
1150,53003,8.6,28.0,42.0,21.4
1151,53005,9.8,24.5,34.8,30.9
1152,53007,17.4,26.4,30.5,25.8
1153,53013,8.8,21.7,43.9,25.6
1154,53015,10.7,30.6,41.7,17.0
1155,53017,17.9,29.6,32.0,20.5
1156,53021,25.0,25.5,31.8,17.7
1157,53035,5.2,22.2,39.4,33.2
1158,53051,8.9,31.0,39.4,20.8
1159,53057,9.8,26.3,37.6,26.2
1160,53063,6.2,23.2,39.8,30.8
1161,53065,9.4,34.5,37.4,18.7
1162,53067,6.3,21.3,36.7,35.7
1163,53071,11.7,19.8,38.6,29.8
1164,53073,7.2,23.4,35.2,34.3
1165,53077,26.3,28.1,28.9,16.7
1166,54003,11.0,37.6,30.2,21.2
1167,54005,20.3,49.7,20.4,9.7
1168,54009,9.4,40.9,30.7,19.0
1169,54011,12.0,33.3,28.7,26.0
1170,54015,22.7,51.8,16.2,9.2
1171,54019,17.2,43.9,24.1,14.8
1172,54027,15.7,46.2,25.8,12.4
1173,54029,9.6,41.9,31.1,17.4
1174,54039,11.3,37.1,26.1,25.5
1175,54043,19.1,47.0,24.9,9.0
1176,54051,7.7,44.5,29.7,18.0
1177,54057,7.8,49.2,27.5,15.5
1178,54061,7.6,27.2,22.3,42.8
1179,54069,6.5,34.2,27.3,32.0
1180,54077,13.2,47.2,22.7,16.9
1181,54079,8.3,36.5,29.2,26.1
1182,54081,13.5,40.0,28.1,18.4
1183,54099,20.3,40.6,24.1,15.1
1184,54105,17.1,42.0,29.7,11.2
1185,54107,10.1,34.4,33.6,21.9
1186,55009,7.9,29.9,31.9,30.3
1187,55015,5.8,31.4,33.3,29.4
1188,55017,7.2,35.4,36.4,21.0
1189,55021,7.3,33.7,35.7,23.3
1190,55025,4.2,17.8,26.7,51.4
1191,55031,6.3,31.1,38.5,24.1
1192,55035,5.9,25.0,36.7,32.3
1193,55039,8.2,36.1,32.7,23.1
1194,55045,7.6,35.5,33.4,23.6
1195,55049,4.8,35.3,35.3,24.6
1196,55061,6.9,39.9,33.8,19.4
1197,55063,5.0,25.4,34.7,34.9
1198,55073,8.2,34.3,32.2,25.4
1199,55083,9.6,41.7,31.9,16.8
1200,55087,5.9,31.7,32.8,29.7
1201,55101,9.5,31.6,33.7,25.2
1202,55105,9.2,36.1,32.5,22.1
1203,55117,6.8,35.9,32.2,25.1
1204,55139,7.1,33.4,31.1,28.3
1205,56021,7.0,25.8,38.7,28.5
1206,56025,7.5,30.3,39.3,22.8
1207,72003,34.3,25.5,20.0,20.2
1208,72005,26.2,29.4,20.5,23.9
1209,72011,30.4,30.0,20.7,18.9
1210,72013,23.2,29.7,23.9,23.2
1211,72015,20.8,39.9,23.2,16.1
1212,72023,29.7,24.9,19.4,26.0
1213,72027,29.0,24.6,25.6,20.8
1214,72055,30.1,37.5,16.9,15.5
1215,72057,23.1,39.0,17.3,20.6
1216,72059,23.1,30.8,21.4,24.7
1217,72065,27.4,22.8,25.2,24.6
1218,72067,23.6,31.9,21.6,22.9
1219,72071,29.5,29.4,19.2,21.9
1220,72075,23.0,33.0,19.0,25.0
1221,72079,37.3,26.6,20.8,15.3
1222,72081,35.4,23.9,22.1,18.5
1223,72097,28.1,28.0,17.5,26.4
1224,72099,30.6,31.0,18.4,20.0
1225,72109,26.9,29.2,28.8,15.1
1226,72111,26.2,29.9,21.9,21.9
1227,72113,21.9,31.7,18.9,27.5
1228,72115,26.1,31.7,23.3,18.9
1229,72117,32.9,24.5,19.6,23.0
1230,72121,25.7,33.2,21.7,19.4
1231,72125,28.4,31.5,16.1,24.0
1232,72131,32.2,27.1,21.5,19.2
1233,72141,27.8,28.7,24.8,18.7
1234,72149,22.0,38.4,19.7,19.9
1235,72153,26.6,33.3,15.5,24.6
1236,1037,20.0,40.3,26.9,12.8
1237,1043,18.4,34.1,33.6,13.9
1238,1121,19.7,33.7,31.6,15.0
1239,4007,13.7,27.9,39.7,18.7
1240,5093,18.9,38.8,28.5,13.8
1241,5107,19.7,31.9,34.6,13.8
1242,5123,18.1,37.6,33.9,10.4
1243,6057,5.6,18.4,38.8,37.2
1244,8087,21.1,31.3,30.1,17.5
1245,9005,7.0,29.9,27.7,35.4
1246,12023,13.9,36.7,34.6,14.9
1247,12049,22.8,49.1,17.8,10.2
1248,12051,33.7,33.7,24.3,8.3
1249,12087,8.6,26.7,30.3,34.4
1250,12093,22.8,39.5,26.3,11.3
1251,12107,18.2,41.2,28.3,12.3
1252,13039,8.7,32.2,35.3,23.9
1253,13129,22.1,34.9,28.3,14.7
1254,13157,15.9,32.1,29.2,22.7
1255,13233,21.2,37.9,27.2,13.7
1256,13285,16.6,35.1,29.3,19.0
1257,13293,17.7,38.4,30.5,13.4
1258,17099,11.4,35.6,35.1,17.8
1259,17103,11.2,33.8,36.8,18.2
1260,17105,10.1,44.7,30.4,14.8
1261,17121,11.0,35.2,38.6,15.2
1262,17141,9.8,33.4,35.4,21.4
1263,18023,14.3,43.2,26.1,16.3
1264,18031,9.1,44.0,26.3,20.6
1265,18041,17.9,42.1,26.7,13.3
1266,18053,12.8,40.5,28.9,17.9
1267,18065,10.7,43.7,29.1,16.4
1268,18077,10.3,42.3,29.5,17.9
1269,18107,10.2,41.3,30.3,18.2
1270,20005,7.3,38.4,32.3,22.0
1271,20059,7.8,37.6,34.2,20.4
1272,21005,10.1,36.6,33.1,20.2
1273,21073,11.0,31.3,27.8,29.9
1274,21161,13.7,34.7,32.1,19.5
1275,21179,10.2,37.2,34.5,18.0
1276,22117,20.5,44.7,23.2,11.6
1277,24041,8.8,24.5,26.2,40.6
1278,26155,7.8,37.3,37.9,17.0
1279,27035,5.9,29.9,39.5,24.7
1280,27049,5.6,32.8,35.5,26.0
1281,27085,6.9,36.0,39.5,17.6
1282,27131,8.9,31.4,31.4,28.3
1283,28071,9.6,18.7,26.1,45.6
1284,28109,16.2,30.4,36.7,16.7
1285,29101,7.5,30.7,32.9,28.9
1286,29159,13.5,34.8,33.7,18.0
1287,29187,15.2,37.2,33.3,14.3
1288,29195,16.0,37.8,26.8,19.4
1289,32005,6.8,24.4,39.4,29.4
1290,32023,13.9,38.9,36.4,10.7
1291,33001,6.8,29.5,31.2,32.6
1292,33013,6.8,27.7,29.9,35.6
1293,36009,11.2,39.2,30.6,19.1
1294,36013,11.2,35.5,31.1,22.2
1295,36021,9.7,30.0,27.7,32.7
1296,36037,7.8,36.0,34.0,22.3
1297,36099,15.2,35.2,28.5,21.1
1298,36101,9.5,36.7,30.1,23.6
1299,37029,13.5,29.4,40.0,17.1
1300,37045,15.8,34.4,32.3,17.6
1301,37055,5.8,22.8,36.7,34.7
1302,37077,15.7,30.6,31.2,22.5
1303,37085,12.5,29.9,35.7,21.9
1304,37139,13.0,32.0,32.9,22.1
1305,37143,13.1,28.7,38.0,20.2
1306,37167,14.7,33.3,34.7,17.3
1307,37181,19.6,37.0,28.5,14.8
1308,37193,19.9,31.7,32.6,15.8
1309,37195,19.7,31.5,29.2,19.6
1310,39005,11.5,41.6,25.9,20.9
1311,39007,14.0,44.6,27.2,14.3
1312,39009,10.0,35.1,24.7,30.2
1313,39021,8.8,46.2,28.9,16.1
1314,39027,11.7,39.1,30.3,18.9
1315,39029,11.5,44.7,28.9,14.9
1316,39031,14.5,47.3,25.0,13.2
1317,39033,9.8,46.8,29.0,14.4
1318,39043,8.2,37.2,31.4,23.2
1319,39047,14.3,45.9,23.5,16.3
1320,39077,11.5,46.2,28.0,14.4
1321,39083,8.7,39.8,28.5,23.0
1322,39091,7.4,48.4,27.6,16.5
1323,39101,12.1,44.5,30.9,12.5
1324,39119,12.2,41.6,30.1,16.1
1325,39141,12.4,43.0,28.9,15.8
1326,39169,13.5,39.0,25.3,22.2
1327,40119,7.8,27.4,27.3,37.4
1328,40125,12.0,36.5,33.2,18.3
1329,40137,12.7,42.2,28.2,16.9
1330,41007,7.9,26.7,41.0,24.4
1331,41027,18.7,21.8,27.5,32.0
1332,41065,13.6,29.1,37.7,19.6
1333,42063,10.0,43.2,23.8,23.0
1334,42073,9.2,43.3,25.4,22.1
1335,42111,11.8,49.8,22.6,15.9
1336,42121,9.8,48.0,23.4,18.7
1337,47003,17.9,41.4,24.0,16.6
1338,47031,14.6,38.5,26.5,20.5
1339,47087,21.8,44.6,22.5,11.0
1340,47099,16.6,44.3,24.8,14.3
1341,47117,14.6,41.4,29.4,14.7
1342,47141,13.4,36.5,23.6,26.4
1343,47177,20.5,43.3,21.6,14.5
1344,48097,13.9,31.5,33.7,20.9
1345,48143,11.7,26.3,30.5,31.5
1346,48213,16.5,34.4,31.8,17.3
1347,48223,15.1,35.7,29.2,20.1
1348,48265,11.4,27.2,34.1,27.4
1349,48321,19.4,31.6,31.5,17.4
1350,48349,21.6,29.0,33.5,15.9
1351,48363,15.8,34.1,33.5,16.6
1352,48463,24.2,29.3,28.6,17.9
1353,48471,14.0,39.9,25.4,20.8
1354,48477,13.3,31.0,28.9,26.8
1355,48481,21.7,27.5,32.7,18.0
1356,49043,5.1,16.0,23.9,55.0
1357,49051,5.4,21.8,32.9,39.9
1358,53029,4.7,21.7,40.1,33.6
1359,53037,8.6,24.9,34.2,32.3
1360,53041,12.5,29.1,40.7,17.7
1361,53045,11.4,31.2,39.8,17.6
1362,55027,9.2,40.9,32.9,17.0
1363,55033,6.3,33.3,32.5,27.9
1364,55055,8.2,33.4,33.0,25.4
1365,55127,9.2,31.3,30.8,28.8
1366,72043,22.1,37.7,18.3,21.9
1367,72123,26.2,38.4,17.9,17.5
1368,1029,21.0,38.0,25.6,15.4
1369,1105,17.2,36.9,23.1,22.8
1370,1111,20.4,34.9,28.2,16.5
1371,1133,21.2,38.2,27.8,12.8
1372,4012,23.1,31.1,33.8,12.0
1373,5037,16.4,41.5,27.7,14.4
1374,6003,8.8,28.1,28.6,34.5
1375,6005,10.0,27.5,43.3,19.3
1376,6011,28.7,26.2,30.0,15.0
1377,8065,16.3,25.8,25.6,32.3
1378,12007,20.4,40.4,29.4,9.9
1379,12043,25.5,38.2,25.1,11.2
1380,12125,23.5,37.4,29.9,9.2
1381,13049,25.9,40.1,25.2,8.8
1382,13111,13.4,33.5,31.3,21.8
1383,13123,18.3,35.4,25.9,20.4
1384,13133,14.7,33.4,25.1,26.9
1385,13187,15.2,30.4,28.0,26.4
1386,13237,12.4,37.6,26.6,23.4
1387,13263,17.7,45.5,24.7,12.1
1388,17051,16.2,40.2,32.4,11.3
1389,17061,9.4,47.6,30.2,12.8
1390,17075,10.5,39.8,33.8,15.9
1391,17135,12.3,39.3,31.7,16.7
1392,17157,15.7,37.3,33.7,13.3
1393,17189,7.8,33.4,37.9,20.9
1394,18025,19.6,45.9,24.2,10.3
1395,18047,12.7,42.5,23.7,21.1
1396,18117,16.8,46.6,25.7,10.9
1397,18121,13.8,40.5,33.7,12.0
1398,18131,11.5,46.1,29.7,12.8
1399,18137,10.7,43.6,27.6,18.0
1400,18139,12.6,46.4,27.0,13.9
1401,18149,15.1,42.1,30.9,11.9
1402,18155,16.1,46.4,26.6,10.9
1403,18159,10.7,40.8,23.8,24.7
1404,20003,9.0,42.0,30.9,18.1
1405,20011,8.7,31.5,38.2,21.7
1406,21041,21.7,40.3,29.8,8.2
1407,21097,17.9,40.3,27.1,14.6
1408,21187,20.7,46.4,21.9,10.9
1409,21201,15.3,38.3,30.1,16.3
1410,21213,13.0,44.9,27.9,14.2
1411,22007,25.6,45.1,19.7,9.6
1412,24011,15.7,39.9,26.0,18.4
1413,24029,11.4,29.8,23.6,35.1
1414,26151,11.6,41.2,33.0,14.2
1415,26157,10.7,42.4,33.5,13.5
1416,27001,8.8,36.9,36.3,18.1
1417,27065,9.8,39.4,36.1,14.7
1418,27093,7.4,35.3,37.8,19.5
1419,27097,9.3,38.3,35.1,17.3
1420,27115,9.6,40.7,34.9,14.9
1421,27129,9.5,36.6,38.7,15.2
1422,27161,7.0,36.4,35.2,21.4
1423,28107,19.4,36.6,29.1,14.9
1424,28119,28.7,31.1,30.0,10.3
1425,28139,20.1,36.2,28.5,15.2
1426,28145,21.9,33.7,31.1,13.4
1427,29033,14.2,44.3,24.9,16.7
1428,29055,22.1,39.1,27.3,11.5
1429,29061,15.0,41.0,25.5,18.5
1430,29073,12.2,38.5,30.0,19.2
1431,29083,12.2,40.7,31.3,15.9
1432,29117,13.3,39.8,28.1,18.8
1433,29139,14.8,44.7,26.5,14.0
1434,29163,15.8,47.6,21.0,15.6
1435,29185,15.5,41.1,29.5,13.9
1436,29186,10.6,39.3,30.3,19.7
1437,29221,23.1,37.4,29.7,9.9
1438,32017,13.8,34.3,32.3,19.6
1439,33003,5.8,29.5,30.4,34.3
1440,36105,13.3,33.8,28.2,24.8
1441,36121,10.1,40.0,32.2,17.7
1442,37007,19.3,40.2,29.2,11.3
1443,37041,13.2,33.4,31.7,21.7
1444,37091,19.2,32.7,33.2,14.9
1445,37163,20.7,34.2,31.4,13.7
1446,37185,18.4,36.7,29.1,15.8
1447,39001,19.8,44.5,22.5,13.2
1448,39071,14.9,45.4,26.3,13.4
1449,39115,14.7,43.9,31.2,10.2
1450,39135,9.6,43.9,30.2,16.3
1451,39163,19.3,43.7,24.2,12.8
1452,40011,17.3,35.9,30.2,16.5
1453,40015,14.5,41.4,28.7,15.4
1454,40049,13.7,45.0,26.6,14.7
1455,40073,11.7,38.3,27.6,22.4
1456,40103,9.5,41.5,25.8,23.2
1457,40107,20.5,39.6,28.3,11.6
1458,41057,10.4,28.7,39.1,21.8
1459,42031,9.9,46.5,21.5,22.1
1460,42059,12.5,46.0,23.9,17.6
1461,42127,10.4,42.9,26.3,20.4
1462,45025,23.3,41.3,25.0,10.4
1463,47041,19.9,40.9,22.5,16.7
1464,47055,14.2,43.1,26.1,16.5
1465,47069,20.4,46.8,21.7,11.2
1466,47075,18.0,47.0,23.9,11.0
1467,47083,22.8,47.1,17.1,13.0
1468,47085,15.1,48.4,22.2,14.3
1469,47097,22.9,45.4,23.4,8.3
1470,47101,15.7,42.5,31.4,10.4
1471,47135,25.1,38.5,24.9,11.5
1472,48031,9.9,30.3,33.3,26.5
1473,48035,13.5,34.2,32.5,19.8
1474,48053,11.7,30.8,32.2,25.4
1475,48089,16.9,34.3,27.8,21.0
1476,48119,12.2,32.0,30.6,25.1
1477,48147,14.5,35.2,32.8,17.4
1478,48149,13.9,39.1,27.3,19.7
1479,48163,33.8,34.2,24.7,7.3
1480,48177,23.3,44.1,19.6,13.1
1481,48185,19.4,34.8,30.0,15.7
1482,48217,16.5,34.9,31.3,17.4
1483,48237,18.0,40.0,28.6,13.5
1484,48255,24.3,36.9,23.5,15.3
1485,48287,15.4,36.2,33.9,14.6
1486,48331,18.6,38.1,29.2,14.1
1487,48337,14.3,37.6,31.2,16.9
1488,48373,18.4,39.5,29.1,13.1
1489,48379,14.6,40.6,31.1,13.7
1490,48407,15.5,48.0,25.2,11.2
1491,48467,15.4,34.2,34.6,15.8
1492,51025,21.5,36.4,28.6,13.6
1493,51049,16.5,38.1,30.5,14.9
1494,51057,17.7,37.7,27.2,17.4
1495,51081,22.2,41.3,27.4,9.2
1496,51097,11.9,37.1,27.4,23.6
1497,51099,6.7,26.5,30.7,36.0
1498,51109,14.8,32.7,28.5,24.1
1499,51113,13.9,36.3,26.4,23.4
1500,51119,12.9,32.6,32.9,21.5
1501,51131,17.5,35.0,24.9,22.6
1502,51135,20.3,37.7,27.2,14.8
1503,51137,11.3,34.7,28.9,25.1
1504,51139,17.4,45.5,23.4,13.7
1505,51147,14.0,34.1,25.1,26.8
1506,51171,13.0,37.9,28.6,20.5
1507,51175,15.2,29.8,36.6,18.4
1508,51181,15.0,36.2,28.1,20.6
1509,51193,15.5,33.8,31.5,19.2
1510,51595,20.6,33.8,31.8,13.8
1511,51620,13.7,29.1,38.1,19.1
1512,53039,12.0,24.8,31.8,31.5
1513,53069,7.9,30.0,42.7,19.4
1514,55013,6.8,36.4,36.0,20.8
1515,55091,9.0,38.0,32.4,20.6
1516,55095,6.2,37.3,35.6,20.9
1517,1017,18.4,36.7,31.6,13.3
1518,1031,14.1,27.2,35.9,22.8
1519,1045,13.9,32.3,35.7,18.1
1520,1047,18.2,35.9,31.2,14.7
1521,1071,16.8,41.0,28.2,14.0
1522,1095,18.4,31.1,31.1,19.4
1523,1109,15.0,35.7,25.5,23.7
1524,4017,16.6,30.3,37.8,15.3
1525,4023,23.4,28.7,27.5,20.4
1526,5055,11.8,45.9,26.2,16.2
1527,5059,14.2,39.0,33.5,13.3
1528,5145,15.6,39.3,24.2,20.9
1529,5149,21.8,40.0,25.3,12.8
1530,6033,14.2,30.5,39.7,15.5
1531,6045,13.5,25.0,37.1,24.4
1532,6103,15.5,30.1,38.7,15.7
1533,6109,9.3,28.3,41.9,20.5
1534,8043,9.9,39.3,32.3,18.5
1535,8067,4.5,20.0,31.3,44.2
1536,8085,11.0,31.4,32.4,25.2
1537,12027,26.5,43.8,18.2,11.5
1538,13009,14.2,35.0,27.5,23.3
1539,13031,12.7,27.2,33.2,27.0
1540,13055,26.2,40.1,24.8,8.9
1541,13071,25.3,38.8,23.1,12.8
1542,13081,17.2,37.6,31.1,14.1
1543,13087,17.5,36.7,32.0,13.8
1544,13137,20.4,34.7,25.6,19.3
1545,13229,16.6,42.8,28.1,12.6
1546,13249,12.4,34.8,39.4,13.3
1547,13261,18.6,34.7,28.5,18.3
1548,13275,15.1,31.5,28.6,24.7
1549,13305,16.6,42.0,28.5,13.0
1550,16011,10.8,31.3,36.6,21.2
1551,16017,9.2,29.8,37.2,23.8
1552,16039,10.1,26.8,44.4,18.7
1553,16043,13.4,30.2,34.7,21.7
1554,16057,4.2,19.7,30.7,45.4
1555,16065,4.1,15.2,44.3,36.4
1556,16075,14.3,34.7,35.3,15.7
1557,17021,10.3,41.8,30.8,17.1
1558,17057,11.4,34.5,36.6,17.6
1559,17095,10.9,36.6,33.5,18.9
1560,17107,11.3,35.3,33.5,19.9
1561,17137,9.1,40.2,31.4,19.3
1562,17155,7.3,38.1,38.0,16.6
1563,17177,7.5,35.0,38.0,19.6
1564,17195,9.4,37.7,34.6,18.2
1565,18001,15.3,40.6,28.7,15.5
1566,18017,14.6,39.9,32.1,13.3
1567,18033,9.8,42.2,30.0,18.0
1568,18069,8.2,41.3,30.4,20.1
1569,18071,12.7,41.9,28.7,16.7
1570,18079,12.2,45.8,30.0,12.0
1571,18085,14.3,34.8,27.5,23.3
1572,18093,11.7,42.3,30.2,15.8
1573,18099,15.1,38.8,26.5,19.7
1574,18103,13.9,42.0,31.1,13.0
1575,18113,16.4,42.0,27.9,13.7
1576,18125,13.2,41.7,30.9,14.1
1577,18169,11.2,42.6,28.0,18.1
1578,19015,6.1,31.5,37.1,25.3
1579,19045,9.1,38.8,34.2,17.9
1580,19099,6.1,41.4,33.8,18.8
1581,19127,16.2,34.2,30.8,18.8
1582,19139,11.0,35.3,32.2,21.5
1583,20035,9.3,29.9,39.0,21.8
1584,20037,7.9,29.3,33.0,29.9
1585,20061,6.2,25.0,45.6,23.2
1586,20111,11.7,29.3,31.5,27.5
1587,20155,11.5,27.7,39.9,20.9
1588,21009,17.0,42.0,24.7,16.3
1589,21011,23.1,41.2,21.2,14.5
1590,21151,12.5,28.1,28.7,30.8
1591,21173,15.2,40.3,28.9,15.7
1592,22011,14.7,38.1,29.5,17.8
1593,22061,11.5,26.8,26.0,35.6
1594,22067,20.5,42.9,23.7,13.0
1595,22069,11.6,35.1,34.2,19.0
1596,22097,23.3,41.2,20.8,14.8
1597,22101,17.2,51.0,21.6,10.2
1598,23011,7.5,32.7,31.8,28.1
1599,24019,12.1,38.5,28.2,21.2
1600,25011,6.7,28.5,27.5,37.3
1601,26005,9.1,37.9,30.4,22.6
1602,26023,10.9,41.5,33.2,14.4
1603,26057,8.9,40.4,35.3,15.4
1604,26059,11.8,38.9,32.0,17.3
1605,26067,9.5,39.1,35.0,16.4
1606,26073,8.5,31.8,30.6,29.1
1607,26091,9.1,36.9,33.0,21.0
1608,26107,9.8,36.0,31.5,22.7
1609,26149,13.0,36.6,34.3,16.2
1610,27015,6.5,36.1,35.2,22.2
1611,27041,4.9,29.1,40.0,26.0
1612,27067,11.0,25.9,39.9,23.3
1613,27099,12.4,32.0,33.5,22.2
1614,27111,7.9,29.5,37.6,24.9
1615,27167,5.1,28.7,42.4,23.8
1616,27169,6.5,27.2,36.2,30.1
1617,28005,18.1,39.3,30.0,12.6
1618,28021,19.7,28.0,28.4,24.0
1619,28067,15.9,29.9,33.4,20.8
1620,28085,13.7,37.6,32.6,16.2
1621,28113,16.8,35.9,30.7,16.6
1622,28149,12.9,30.5,34.2,22.4
1623,29007,13.8,45.8,25.7,14.7
1624,29105,14.8,40.8,29.8,14.6
1625,29147,7.7,37.7,26.1,28.6
1626,29175,13.1,36.3,35.5,15.1
1627,29201,15.0,41.6,27.0,16.3
1628,29209,12.8,32.9,35.7,18.6
1629,29213,11.1,33.6,35.4,19.9
1630,31001,10.0,28.1,37.6,24.3
1631,31019,6.9,25.6,32.9,34.6
1632,31053,11.1,35.2,34.8,19.0
1633,31067,10.0,35.7,33.5,20.8
1634,32001,8.4,31.6,41.2,18.8
1635,32019,13.1,32.8,39.6,14.4
1636,33005,6.6,31.4,28.8,33.1
1637,35006,17.0,32.2,36.6,14.2
1638,35028,2.4,8.8,21.4,67.4
1639,35029,30.2,34.4,22.9,12.5
1640,35035,16.6,27.3,38.7,17.5
1641,35039,13.6,32.2,35.0,19.3
1642,35047,16.7,27.6,34.2,21.4
1643,36011,12.2,33.3,31.9,22.6
1644,36023,9.3,32.1,30.7,28.0
1645,36035,12.7,35.7,33.4,18.2
1646,36057,13.2,35.4,33.6,17.8
1647,36089,11.3,36.8,28.0,23.8
1648,37013,12.3,32.5,34.6,20.6
1649,37031,8.4,25.6,36.9,29.1
1650,37083,21.4,37.2,27.0,14.4
1651,37099,10.6,26.8,32.2,30.4
1652,37105,16.5,26.8,35.1,21.5
1653,37107,20.3,31.9,32.8,14.9
1654,37111,16.1,32.4,34.1,17.4
1655,37125,9.3,21.6,31.6,37.4
1656,37155,22.7,33.4,30.2,13.7
1657,37161,16.2,32.5,33.5,17.8
1658,37165,19.8,33.9,30.8,15.5
1659,37171,20.5,28.9,32.5,18.0
1660,37175,11.0,26.8,29.6,32.6
1661,38077,9.3,27.1,42.4,21.3
1662,39011,7.3,43.5,30.3,18.9
1663,39037,9.2,46.9,28.2,15.8
1664,39039,8.8,42.1,31.1,18.0
1665,39053,16.0,41.2,26.9,15.9
1666,39059,14.5,42.7,28.2,14.6
1667,39063,7.5,36.0,29.4,27.1
1668,39123,8.3,35.2,33.5,23.1
1669,39143,9.6,42.4,31.9,16.1
1670,39145,15.1,41.2,28.0,15.7
1671,39147,8.3,45.2,29.7,16.8
1672,39149,9.8,41.3,30.2,18.7
1673,39157,14.0,44.7,23.9,17.4
1674,39161,8.7,44.3,30.4,16.6
1675,39167,9.4,40.3,31.5,18.8
1676,40013,13.6,32.8,31.8,21.9
1677,40021,13.5,31.3,28.9,26.3
1678,40101,14.7,34.4,30.4,20.4
1679,40115,14.7,36.3,34.5,14.5
1680,40147,9.6,34.0,27.9,28.5
1681,41013,10.0,33.3,36.9,19.8
1682,41019,10.4,32.3,40.0,17.3
1683,41045,18.9,31.4,36.0,13.7
1684,41049,24.2,33.1,33.7,9.0
1685,41059,17.6,28.5,36.7,17.2
1686,42015,9.9,47.0,24.4,18.7
1687,42033,12.8,49.5,22.7,15.1
1688,42035,10.7,45.5,24.3,19.5
1689,42039,11.0,45.8,22.1,21.1
1690,42061,10.5,48.8,23.2,17.4
1691,42087,15.0,51.8,21.3,11.9
1692,42097,12.0,49.8,21.7,16.6
1693,42107,10.7,46.6,26.1,16.6
1694,42119,13.2,39.0,21.8,26.0
1695,42123,7.1,45.4,27.9,19.5
1696,45001,18.3,34.0,32.0,15.6
1697,45021,19.7,34.7,31.4,14.2
1698,45043,12.8,28.8,31.1,27.3
1699,45047,14.8,30.5,30.1,24.6
1700,45069,22.8,42.2,26.1,8.9
1701,45071,18.0,36.0,28.1,17.9
1702,45073,15.1,29.0,30.0,25.8
1703,45075,14.1,31.2,34.8,19.9
1704,46027,5.0,20.8,24.2,49.9
1705,46061,7.8,37.3,36.5,18.5
1706,46081,6.5,29.6,28.9,35.0
1707,47029,19.9,46.8,21.7,11.6
1708,47035,14.2,37.7,29.7,18.5
1709,47051,12.5,40.0,26.6,20.8
1710,47059,15.3,41.5,26.5,16.7
1711,47107,15.5,40.4,27.9,16.2
1712,47143,19.2,36.8,27.0,16.9
1713,47155,15.0,37.2,30.3,17.4
1714,48003,27.7,34.9,25.1,12.2
1715,48025,24.6,34.2,32.3,8.9
1716,48057,20.7,33.0,32.1,14.2
1717,48073,21.0,30.5,31.3,17.2
1718,48117,26.2,36.6,25.3,12.0
1719,48173,30.6,18.7,23.6,27.2
1720,48179,19.8,32.7,33.5,13.9
1721,48189,23.4,34.7,24.7,17.1
1722,48203,14.7,34.0,32.2,19.1
1723,48219,23.8,26.7,33.7,15.8
1724,48227,20.0,33.7,33.7,12.6
1725,48233,14.0,34.4,37.5,14.0
1726,48249,25.1,36.6,26.1,12.2
1727,48273,21.6,26.7,27.2,24.6
1728,48353,17.7,35.1,31.9,15.2
1729,48427,46.7,26.3,17.1,9.9
1730,48487,22.8,34.0,28.0,15.2
1731,48489,34.3,35.7,21.2,8.9
1732,48505,38.1,30.8,19.5,11.6
1733,49021,7.1,23.6,39.5,29.8
1734,50003,8.8,29.1,25.9,36.2
1735,50021,7.4,34.4,27.3,30.8
1736,50023,6.3,26.9,24.9,41.8
1737,51089,19.9,34.2,31.9,13.9
1738,51143,17.3,35.0,33.1,14.5
1739,51590,18.2,31.5,32.6,17.6
1740,51690,17.2,28.5,33.3,21.0
1741,53001,33.1,28.7,24.0,14.3
1742,53027,10.3,34.0,39.2,16.5
1743,53075,4.5,15.9,29.8,49.8
1744,54045,20.2,43.9,25.9,10.0
1745,54049,10.6,40.7,26.2,22.6
1746,54053,14.0,45.5,26.1,14.4
1747,54055,16.5,39.5,24.6,19.4
1748,54091,10.7,47.2,24.8,17.3
1749,55043,7.7,35.1,33.3,23.8
1750,55069,8.0,38.1,35.4,18.4
1751,55071,8.0,38.6,33.2,20.2
1752,55075,8.9,41.6,33.5,15.9
1753,55078,8.1,42.6,31.4,17.9
1754,55097,6.1,31.9,29.1,32.9
1755,55111,9.1,33.9,33.0,24.1
1756,55115,8.6,44.8,30.9,15.7
1757,55141,7.3,38.0,33.0,21.6
1758,56001,4.1,14.7,29.5,51.8
1759,72001,34.7,26.1,22.4,16.9
1760,72073,24.4,38.3,19.1,18.2
1761,72133,16.2,39.8,18.7,25.3
1762,1005,26.8,35.6,26.0,11.6
1763,1011,25.3,40.3,22.3,12.1
1764,1013,15.0,45.2,23.7,16.1
1765,1019,18.4,40.3,28.6,12.8
1766,1039,16.6,37.3,30.8,15.3
1767,1041,20.8,39.5,22.3,17.4
1768,1049,25.2,34.2,27.6,13.0
1769,1053,18.9,43.7,24.9,12.5
1770,1057,17.4,41.3,28.9,12.4
1771,1059,22.8,36.6,26.6,14.0
1772,1063,20.8,38.6,30.5,10.1
1773,1087,18.2,30.2,31.2,20.4
1774,1119,13.3,35.4,29.8,21.6
1775,1123,19.3,32.7,29.5,18.4
1776,4001,19.6,32.2,35.9,12.3
1777,5001,16.1,38.9,29.2,15.8
1778,5015,13.7,35.9,29.1,21.2
1779,5023,14.1,42.8,27.6,15.5
1780,5029,13.0,43.8,27.6,15.6
1781,5039,16.1,44.1,28.0,11.9
1782,5041,18.9,44.6,22.4,14.1
1783,5043,13.1,35.3,28.8,22.8
1784,5047,16.3,41.0,30.6,12.1
1785,5057,17.4,36.8,30.7,15.1
1786,5061,14.8,38.4,33.3,13.6
1787,5067,19.8,42.5,27.5,10.1
1788,5075,15.9,38.6,30.1,15.4
1789,5083,13.8,45.1,27.8,13.3
1790,5127,20.9,40.8,29.1,9.3
1791,5133,23.5,37.5,26.3,12.8
1792,5141,14.9,42.6,28.0,14.5
1793,6009,9.8,28.0,43.9,18.3
1794,6021,25.2,27.2,33.4,14.2
1795,6049,15.2,33.0,36.6,15.2
1796,6093,9.8,25.5,41.6,23.2
1797,6105,7.6,34.8,38.0,19.5
1798,8029,9.3,38.3,30.7,21.7
1799,8055,7.6,29.6,41.6,21.1
1800,8083,10.0,29.3,31.2,29.6
1801,8089,12.8,31.9,36.7,18.6
1802,12013,23.1,41.6,25.8,9.5
1803,12037,19.3,34.6,27.3,18.8
1804,12047,27.0,45.4,19.8,7.9
1805,12059,21.3,40.7,27.3,10.7
1806,12063,19.5,38.4,29.5,12.6
1807,12075,15.1,41.1,31.6,12.2
1808,12079,19.0,39.7,27.3,14.0
1809,12121,17.7,38.9,27.9,15.5
1810,12123,21.2,43.8,26.6,8.3
1811,12133,18.7,40.1,28.6,12.5
1812,13011,24.1,38.0,24.5,13.4
1813,13019,21.0,42.4,25.2,11.4
1814,13023,11.4,40.9,28.9,18.7
1815,13075,20.9,36.3,29.3,13.5
1816,13091,14.4,44.2,27.1,14.3
1817,13093,22.3,41.1,24.5,12.1
1818,13099,19.6,37.1,28.2,15.1
1819,13105,21.6,40.9,25.9,11.6
1820,13109,23.8,38.9,21.6,15.8
1821,13119,17.7,39.4,27.0,15.9
1822,13131,19.9,39.2,27.0,13.9
1823,13147,18.5,36.9,28.9,15.7
1824,13165,20.7,44.8,26.6,7.9
1825,13193,26.4,34.8,30.1,8.8
1826,13205,22.8,39.5,28.0,9.7
1827,13243,25.5,35.8,28.5,10.3
1828,13251,16.5,41.5,26.6,15.4
1829,13253,14.0,38.3,31.5,16.2
1830,13259,31.9,36.4,19.5,12.2
1831,13267,24.2,38.1,24.5,13.2
1832,13287,18.8,38.0,31.5,11.7
1833,13307,20.7,40.7,23.9,14.7
1834,13311,14.8,30.9,31.5,22.7
1835,13315,17.9,45.6,24.4,12.2
1836,13317,16.3,44.0,25.9,13.8
1837,16029,8.8,32.4,39.9,19.0
1838,16035,9.6,35.5,37.1,17.9
1839,16049,9.5,36.1,34.6,19.8
1840,16077,20.8,32.7,31.4,15.1
1841,16085,5.4,26.7,37.6,30.4
1842,16087,15.0,33.8,34.9,16.3
1843,17017,16.0,43.1,25.8,15.1
1844,17023,7.2,40.0,33.0,19.9
1845,17041,16.8,33.4,31.0,18.9
1846,17045,9.9,37.3,35.5,17.2
1847,17055,11.1,33.0,39.2,16.7
1848,17085,7.7,35.9,31.4,25.0
1849,17087,17.8,31.6,34.7,16.0
1850,17125,10.8,42.8,30.4,16.0
1851,17139,15.3,33.4,32.7,18.6
1852,17145,16.7,36.6,34.2,12.5
1853,17165,13.3,27.5,40.0,19.2
1854,17173,7.7,44.4,31.0,16.8
1855,17181,11.6,35.4,31.2,21.7
1856,17187,13.3,32.0,31.9,22.8
1857,17193,10.1,37.4,37.1,15.5
1858,18009,10.6,49.6,26.4,13.5
1859,18045,11.0,43.7,30.4,14.9
1860,18051,8.1,40.9,33.0,18.0
1861,18055,12.1,41.1,31.9,14.9
1862,18075,12.0,48.9,27.7,11.4
1863,18087,38.2,30.5,20.8,10.5
1864,18123,9.7,44.7,29.5,16.1
1865,18135,12.5,43.4,29.7,14.3
1866,18181,11.2,41.6,30.8,16.4
1867,19005,11.7,39.4,31.1,17.8
1868,19019,5.9,38.5,34.0,21.5
1869,19029,12.0,37.9,30.0,20.1
1870,19031,4.4,37.6,35.8,22.2
1871,19035,6.9,35.8,35.1,22.2
1872,19037,7.2,43.6,32.0,17.2
1873,19039,12.2,38.9,32.9,16.0
1874,19055,8.3,42.8,32.3,16.6
1875,19065,8.3,39.6,33.8,18.3
1876,19071,7.9,33.6,39.6,18.9
1877,19073,6.6,39.7,35.1,18.7
1878,19079,6.7,32.4,36.6,24.3
1879,19083,7.6,34.7,37.0,20.8
1880,19087,7.4,36.0,36.9,19.6
1881,19089,9.1,40.0,35.1,15.8
1882,19095,6.2,37.1,37.8,18.8
1883,19097,7.4,42.0,31.4,19.2
1884,19117,7.9,41.3,33.8,17.0
1885,19119,9.4,37.1,32.8,20.7
1886,19125,6.7,34.1,30.4,28.8
1887,19133,7.7,38.3,38.7,15.3
1888,19137,9.6,35.2,36.8,18.5
1889,19145,8.5,36.5,34.8,20.2
1890,19165,7.6,35.3,34.9,22.2
1891,19171,8.7,40.0,35.5,15.8
1892,19175,9.7,35.5,36.7,18.0
1893,20013,6.8,37.4,34.7,21.2
1894,20021,10.1,32.7,37.5,19.6
1895,20027,7.1,35.2,31.0,26.7
1896,20031,7.3,32.1,36.1,24.5
1897,20073,7.6,36.3,36.2,19.9
1898,20115,8.4,30.3,36.2,25.0
1899,20117,7.8,42.2,31.1,18.9
1900,20127,8.8,36.1,33.7,21.4
1901,20131,5.8,39.8,29.0,25.4
1902,21043,20.8,40.3,26.3,12.6
1903,21065,24.4,45.8,20.0,9.9
1904,21079,19.0,37.1,26.4,17.6
1905,21085,18.5,43.0,28.0,10.5
1906,21141,15.1,44.5,24.1,16.4
1907,21167,15.6,36.8,29.1,18.5
1908,21177,17.9,44.8,24.8,12.6
1909,21183,16.7,43.0,26.7,13.6
1910,21197,19.7,40.0,24.4,15.9
1911,21225,10.0,47.8,31.1,11.1
1912,21233,17.5,47.0,25.4,10.0
1913,22003,20.3,44.3,24.1,11.3
1914,22009,23.2,37.8,26.7,12.3
1915,22013,15.9,44.5,26.7,12.8
1916,22027,20.5,43.5,23.2,12.8
1917,22039,24.3,41.5,22.6,11.6
1918,22049,19.4,42.6,24.1,14.0
1919,22053,18.7,40.4,24.0,16.9
1920,22059,22.4,42.5,21.4,13.6
1921,22083,21.7,40.9,24.2,13.2
1922,22085,14.3,46.6,25.8,13.3
1923,22127,18.2,45.8,22.1,13.9
1924,23007,7.4,38.0,29.7,24.8
1925,23009,5.9,30.8,29.2,34.1
1926,23017,8.1,42.0,30.7,19.2
1927,23021,9.7,40.7,31.1,18.4
1928,23025,11.6,40.4,31.5,16.5
1929,23027,7.8,32.2,28.6,31.4
1930,26035,15.5,36.6,35.3,12.6
1931,26051,13.0,39.3,34.2,13.5
1932,26123,11.9,40.4,31.1,16.6
1933,27005,6.9,31.6,36.6,25.0
1934,27043,7.4,37.7,36.3,18.6
1935,27061,6.0,30.0,41.0,23.1
1936,27071,8.1,35.7,40.7,15.5
1937,27075,5.3,30.9,34.9,28.8
1938,27113,6.8,33.1,40.7,19.3
1939,27117,10.4,35.5,32.9,21.3
1940,27121,6.0,30.4,40.7,22.9
1941,27133,6.7,33.0,36.5,23.8
1942,27153,13.0,36.7,35.2,15.1
1943,27165,15.5,41.3,27.7,15.5
1944,28007,22.4,32.4,31.2,13.9
1945,28031,16.8,36.6,31.9,14.7
1946,28039,15.7,36.6,34.0,13.8
1947,28051,23.2,41.0,25.7,10.2
1948,28079,21.4,36.6,27.8,14.3
1949,28091,18.5,39.3,29.9,12.3
1950,28123,26.0,37.5,25.1,11.4
1951,28131,17.8,35.9,30.6,15.8
1952,28141,19.6,38.9,30.1,11.4
1953,29009,16.4,41.3,27.7,14.6
1954,29011,12.8,41.1,26.2,19.9
1955,29039,12.3,41.2,32.9,13.6
1956,29053,11.3,37.5,29.0,22.1
1957,29067,17.9,44.0,27.3,10.8
1958,29089,12.1,37.1,25.7,25.2
1959,29109,15.3,38.7,30.0,16.0
1960,29123,15.6,36.5,32.3,15.6
1961,29131,12.7,40.6,27.3,19.4
1962,29133,24.3,41.8,22.3,11.5
1963,29157,12.3,43.3,26.7,17.7
1964,29207,19.1,41.5,26.1,13.3
1965,29229,19.6,45.5,24.8,10.2
1966,30003,10.5,35.2,36.2,18.1
1967,30047,8.2,28.5,33.7,29.6
1968,30077,10.6,37.8,31.1,20.4
1969,30081,8.4,30.4,33.4,27.8
1970,31023,7.0,37.6,34.1,21.4
1971,31131,7.2,35.3,34.0,23.4
1972,31151,16.5,33.3,32.4,17.8
1973,31179,4.0,27.5,36.1,32.4
1974,31185,6.4,27.9,37.3,28.4
1975,35051,16.0,28.6,34.2,21.1
1976,35053,18.2,37.4,22.4,22.0
1977,36017,11.9,39.0,30.5,18.7
1978,36025,11.1,37.6,28.8,22.6
1979,36031,8.5,34.4,30.2,26.8
1980,36039,13.3,38.7,25.9,22.1
1981,36049,9.9,44.7,27.1,18.4
1982,37017,18.7,33.4,32.1,15.8
1983,37047,17.0,36.3,32.8,13.8
1984,37061,24.0,31.8,32.0,12.1
1985,37117,16.6,33.9,33.1,16.4
1986,37123,20.5,34.6,29.3,15.7
1987,38003,7.7,31.5,31.4,29.4
1988,38099,14.6,33.0,35.2,17.2
1989,39065,10.5,48.0,25.2,16.2
1990,39067,13.2,47.9,27.3,11.6
1991,39069,6.5,44.5,31.9,17.2
1992,39105,16.4,41.8,28.7,13.1
1993,39125,9.5,47.9,26.9,15.6
1994,39137,7.2,41.3,30.5,20.9
1995,39171,9.5,42.4,32.9,15.2
1996,40001,19.2,46.6,22.6,11.6
1997,40035,13.2,39.5,32.6,14.7
1998,40041,15.1,35.8,31.0,18.1
1999,40061,15.3,37.4,31.2,16.2
2000,40075,15.3,37.2,30.2,17.2
2001,40091,14.2,42.7,29.3,13.9
2002,40095,20.9,35.6,28.6,14.8
2003,40097,13.5,39.5,32.7,14.3
2004,40105,11.1,44.0,33.4,11.5
2005,40141,22.5,33.4,26.8,17.3
2006,41031,13.0,30.7,37.0,19.4
2007,42009,12.1,51.3,21.9,14.7
2008,42117,9.6,45.3,26.0,19.1
2009,45005,20.2,45.9,24.7,9.2
2010,45011,20.2,35.4,31.9,12.5
2011,45027,21.5,36.5,26.9,15.1
2012,45029,13.4,45.4,26.6,14.6
2013,45033,24.7,39.0,25.2,11.1
2014,45049,19.0,42.5,26.6,11.9
2015,45061,18.5,41.5,24.2,15.9
2016,45065,16.6,33.9,29.0,20.5
2017,45067,21.1,42.0,23.4,13.5
2018,45089,19.9,41.6,26.2,12.3
2019,46019,9.0,42.2,29.7,19.2
2020,46047,5.6,35.1,38.3,21.1
2021,46079,9.1,31.8,26.0,33.1
2022,46102,26.1,27.8,35.7,10.4
2023,47017,15.9,42.2,23.9,18.0
2024,47025,19.9,38.0,26.0,16.1
2025,47053,14.7,39.1,27.8,18.4
2026,47071,18.5,42.1,24.4,15.0
2027,47077,17.3,42.3,26.1,14.4
2028,47091,20.2,41.6,26.6,11.6
2029,47103,16.5,40.5,24.6,18.4
2030,47109,17.4,45.4,24.6,12.6
2031,47123,17.6,41.5,27.5,13.4
2032,47151,20.2,44.3,26.3,9.2
2033,47181,19.8,46.6,23.8,9.7
2034,48023,14.5,35.0,27.7,22.8
2035,48063,12.8,35.3,32.5,19.4
2036,48067,14.1,43.3,26.3,16.4
2037,48069,25.9,32.2,26.3,15.6
2038,48083,13.5,36.7,34.1,15.8
2039,48095,32.1,30.8,24.1,13.0
2040,48103,20.5,32.8,32.0,14.7
2041,48123,19.2,39.1,29.1,12.6
2042,48127,33.6,36.2,16.6,13.6
2043,48133,15.6,31.6,36.8,16.0
2044,48153,25.8,27.7,30.6,15.9
2045,48169,38.4,28.6,19.1,13.9
2046,48193,16.0,35.8,25.8,22.4
2047,48207,29.7,35.1,23.4,11.9
2048,48239,17.6,31.1,34.8,16.5
2049,48241,15.0,44.7,27.4,12.9
2050,48247,25.5,37.6,23.5,13.4
2051,48279,25.1,32.4,28.1,14.4
2052,48283,36.4,38.6,17.5,7.5
2053,48285,14.4,40.9,28.1,16.7
2054,48293,18.9,33.2,33.1,14.8
2055,48313,19.2,38.5,27.6,14.7
2056,48343,11.4,41.4,32.8,14.3
2057,48365,17.1,31.4,35.3,16.1
2058,48383,17.8,41.9,29.8,10.5
2059,48387,14.6,40.4,32.6,12.5
2060,48391,19.7,38.4,30.3,11.5
2061,48399,20.8,35.2,25.8,18.1
2062,48437,26.7,29.9,28.1,15.3
2063,48445,31.6,31.7,25.3,11.4
2064,48457,18.0,43.0,25.6,13.4
2065,48475,21.4,36.2,29.9,12.5
2066,48495,30.8,30.3,30.7,8.2
2067,48499,15.3,33.4,34.7,16.6
2068,49025,7.5,21.8,40.8,29.9
2069,49039,9.8,28.9,40.4,20.9
2070,50001,6.5,29.1,24.8,39.6
2071,51001,18.5,36.7,25.3,19.5
2072,51005,14.0,40.3,30.6,15.0
2073,51083,18.5,36.0,30.1,15.4
2074,51163,13.2,33.7,26.5,26.7
2075,51197,13.8,37.9,29.3,19.0
2076,51530,18.9,40.3,24.9,15.9
2077,51580,12.7,44.4,27.3,15.6
2078,51678,8.6,21.9,22.9,46.7
2079,53031,4.9,20.7,30.1,44.3
2080,53047,16.1,30.3,33.6,20.0
2081,54001,14.7,47.3,22.4,15.6
2082,54025,14.0,37.8,28.3,19.9
2083,54031,19.7,44.7,21.1,14.5
2084,54035,11.7,44.1,26.8,17.4
2085,54067,13.1,48.0,23.3,15.6
2086,54089,15.0,42.2,28.4,14.5
2087,54103,13.8,50.9,23.3,12.0
2088,55001,12.5,42.6,31.1,13.9
2089,55005,9.8,36.1,33.5,20.6
2090,55007,4.9,29.1,34.8,31.1
2091,55011,9.1,40.4,31.2,19.3
2092,55019,17.7,39.8,29.9,12.6
2093,55029,5.6,30.3,30.3,33.7
2094,55047,10.2,38.7,30.9,20.2
2095,55053,10.1,41.6,33.8,14.6
2096,55067,9.7,42.3,31.3,16.7
2097,55081,9.1,36.8,33.5,20.6
2098,55103,9.9,40.8,30.3,19.0
2099,55107,12.0,41.5,29.9,16.6
2100,55119,11.6,43.4,29.8,15.1
2101,55121,9.3,39.0,32.4,19.3
2102,55123,10.6,37.7,29.3,22.4
2103,55135,8.2,40.8,31.1,19.9
2104,55137,13.2,42.0,28.6,16.3
2105,56009,9.2,39.0,34.6,17.3
2106,1075,17.7,39.8,30.6,11.9
2107,1129,17.4,43.1,26.9,12.7
2108,2068,1.5,26.0,31.4,41.1
2109,5073,20.3,40.2,23.7,15.8
2110,5097,20.2,36.4,29.9,13.5
2111,5117,16.8,39.9,27.8,15.4
2112,6043,9.4,24.4,41.7,24.6
2113,6091,7.6,31.7,42.8,17.9
2114,8025,13.9,42.6,34.5,9.0
2115,8027,6.4,20.8,40.3,32.5
2116,8073,9.1,54.5,23.9,12.6
2117,12029,21.6,43.3,24.8,10.4
2118,12077,18.6,45.8,21.2,14.4
2119,13037,27.1,36.7,27.1,9.1
2120,13065,30.8,33.9,25.3,10.0
2121,13163,23.6,41.8,24.7,9.9
2122,13201,17.4,36.5,32.1,14.0
2123,13265,29.0,46.2,16.8,8.1
2124,13269,21.5,37.5,28.3,12.6
2125,13301,26.8,39.8,21.1,12.3
2126,13319,15.6,50.3,23.3,10.9
2127,16009,12.4,38.4,33.9,15.2
2128,16037,10.6,28.6,36.4,24.4
2129,16061,11.5,29.6,40.9,17.9
2130,16071,9.8,34.9,38.2,17.1
2131,16079,13.8,37.0,37.7,11.5
2132,17059,13.1,39.8,36.3,10.9
2133,17151,14.0,36.0,36.9,13.1
2134,17153,11.2,36.3,40.0,12.5
2135,18147,9.5,46.0,29.2,15.2
2136,18171,8.0,41.8,30.8,19.4
2137,19001,5.8,40.5,35.2,18.5
2138,19009,10.5,37.1,35.3,17.1
2139,19023,7.5,38.0,37.3,17.3
2140,19043,10.1,43.2,29.0,17.7
2141,19093,6.8,38.8,35.8,18.6
2142,19107,7.1,40.4,34.2,18.3
2143,19115,15.9,37.7,31.5,14.9
2144,20019,13.4,34.8,35.9,15.9
2145,20049,11.5,42.6,30.3,15.6
2146,20077,10.4,39.1,34.3,16.2
2147,21027,15.9,44.9,27.2,11.9
2148,21087,24.5,37.8,24.5,13.2
2149,21099,23.8,40.3,24.4,11.4
2150,21127,24.9,42.5,22.8,9.8
2151,21135,24.2,42.8,24.0,9.1
2152,21171,25.2,39.3,21.1,14.4
2153,21181,24.2,42.1,24.8,8.9
2154,21219,22.5,40.5,23.7,13.2
2155,22021,23.3,42.5,20.3,13.8
2156,22081,19.2,43.2,23.7,13.9
2157,23015,6.9,34.4,25.2,33.5
2158,24023,10.2,43.3,25.6,20.9
2159,26011,11.5,41.9,34.0,12.6
2160,26127,12.8,36.3,31.4,19.5
2161,27029,13.9,34.9,34.2,17.1
2162,27087,13.1,36.7,37.0,13.2
2163,27089,10.0,36.9,34.0,19.1
2164,27107,8.1,36.9,36.0,19.1
2165,27125,7.4,37.5,39.0,16.2
2166,28041,23.8,33.7,32.8,9.7
2167,28053,30.1,33.8,23.3,12.8
2168,28055,39.5,31.9,25.5,3.2
2169,28063,22.0,37.9,24.2,15.9
2170,28065,17.6,36.6,31.7,14.1
2171,28077,18.3,33.6,30.6,17.6
2172,28125,22.5,27.9,30.0,19.5
2173,28129,20.8,39.2,27.9,12.2
2174,28157,25.2,40.6,20.5,13.7
2175,29057,12.8,44.8,29.7,12.7
2176,29075,10.8,42.5,27.7,19.1
2177,29085,15.7,44.5,30.8,9.0
2178,29087,8.9,43.3,28.1,19.7
2179,29125,13.5,40.0,30.6,15.8
2180,29141,21.9,38.1,26.7,13.3
2181,30015,7.4,33.9,30.4,28.3
2182,30039,7.8,31.5,31.8,28.9
2183,30045,5.6,32.2,35.6,26.6
2184,30061,11.1,37.0,35.8,16.1
2185,30065,8.5,42.8,32.5,16.3
2186,30089,11.2,41.9,29.1,17.9
2187,30095,6.0,35.5,33.4,25.0
2188,30099,8.0,31.8,35.3,24.9
2189,30103,10.2,31.5,32.9,25.4
2190,31021,8.7,35.7,34.2,21.3
2191,31035,8.5,34.4,37.2,19.9
2192,31059,7.9,33.5,37.2,21.4
2193,31077,6.1,34.3,43.3,16.3
2194,31097,13.7,42.8,26.1,17.5
2195,31105,11.3,36.3,36.3,16.1
2196,31125,6.8,37.7,37.2,18.3
2197,31163,7.0,36.2,36.5,20.2
2198,31173,10.9,32.9,39.9,16.4
2199,36041,22.5,27.2,33.4,16.8
2200,36097,9.6,33.5,33.5,23.5
2201,37011,16.4,30.2,32.7,20.7
2202,37033,19.6,33.6,30.9,15.9
2203,37079,25.0,32.9,31.1,11.0
2204,37149,9.2,25.1,36.6,29.1
2205,37173,20.2,30.6,31.0,18.2
2206,37199,15.5,33.2,31.0,20.3
2207,38029,12.7,35.2,33.9,18.2
2208,38037,9.9,36.1,35.9,18.1
2209,38043,9.2,33.8,39.3,17.7
2210,38055,7.6,33.8,37.9,20.8
2211,38063,8.2,29.2,37.7,25.0
2212,38073,9.0,35.4,36.5,19.1
2213,38091,3.7,25.3,40.1,30.9
2214,38097,6.6,26.0,38.5,28.9
2215,39111,10.9,51.8,24.8,12.5
2216,40067,16.8,41.4,27.0,14.7
2217,42057,12.2,52.2,22.0,13.6
2218,42067,16.7,48.8,20.0,14.5
2219,42113,10.4,47.7,24.7,17.2
2220,42115,10.2,45.0,26.3,18.6
2221,46055,6.1,44.3,34.0,15.6
2222,46067,12.3,33.2,29.3,25.2
2223,46071,17.6,33.5,31.1,17.8
2224,46097,10.2,38.8,32.6,18.5
2225,46101,9.6,33.7,35.3,21.3
2226,46105,7.6,36.0,36.1,20.3
2227,46137,15.9,41.3,26.4,16.4
2228,47007,24.4,39.8,23.8,12.0
2229,47061,25.6,40.7,20.5,13.2
2230,47067,22.9,42.2,23.7,11.2
2231,47121,16.2,45.4,28.6,9.8
2232,47161,12.8,44.8,26.8,15.6
2233,48033,5.3,20.1,35.2,39.5
2234,48081,16.3,34.1,31.8,17.8
2235,48125,15.6,35.8,30.1,18.5
2236,48129,11.3,34.0,36.8,17.9
2237,48151,13.9,34.7,32.8,18.6
2238,48289,18.2,40.0,27.7,14.0
2239,48297,23.1,34.1,30.6,12.2
2240,48315,14.8,41.0,29.4,14.7
2241,48403,15.3,35.6,31.5,17.6
2242,48413,20.4,24.8,38.2,16.6
2243,48417,13.6,21.8,34.1,30.5
2244,48431,10.6,52.0,27.9,9.5
2245,48461,24.4,41.2,24.7,9.6
2246,49033,4.3,32.1,40.6,23.0
2247,50015,7.2,25.6,29.1,38.2
2248,51017,9.7,42.9,31.5,15.9
2249,51021,11.4,42.4,32.0,14.2
2250,51037,16.8,40.4,31.9,10.9
2251,51091,11.5,38.7,27.3,22.5
2252,51105,23.3,34.5,31.1,11.2
2253,51141,19.8,34.8,30.2,15.2
2254,53023,5.6,27.9,42.1,24.5
2255,53043,7.3,29.3,38.4,25.1
2256,54007,19.6,46.3,19.2,14.9
2257,54013,19.5,46.7,21.6,12.2
2258,54063,15.5,49.4,19.8,15.3
2259,54065,14.1,40.4,28.6,17.0
2260,54071,18.6,51.3,16.1,14.1
2261,54073,10.9,50.7,26.8,11.6
2262,54085,15.4,51.0,22.3,11.3
2263,54087,20.9,43.5,22.5,13.1
2264,54093,12.2,46.8,21.6,19.4
2265,54109,19.8,48.7,22.2,9.3
2266,55065,9.2,40.5,31.4,18.8
2267,55077,10.9,40.9,33.1,15.1
2268,72083,45.6,27.3,10.5,16.6
2269,72093,48.2,31.1,12.7,8.0
2270,2110,3.6,21.6,36.4,38.4
2271,2130,7.2,29.7,37.8,25.3
2272,4009,14.7,28.7,41.4,15.2
2273,5005,11.3,36.3,34.5,17.9
2274,5009,12.6,33.4,37.9,16.1
2275,5013,15.8,44.7,28.1,11.4
2276,5019,10.0,30.2,33.1,26.6
2277,5027,14.1,41.7,24.5,19.6
2278,5063,14.0,37.6,30.9,17.5
2279,5101,13.5,35.4,30.6,20.5
2280,5103,14.0,41.6,30.0,14.5
2281,5115,15.5,35.2,26.5,22.8
2282,5139,15.1,35.5,28.3,21.1
2283,6015,19.9,31.0,34.2,14.8
2284,6023,9.5,22.2,37.9,30.4
2285,6035,16.8,34.5,35.7,12.9
2286,8037,11.7,15.2,25.9,47.2
2287,8045,11.9,27.0,30.1,31.0
2288,8075,10.4,33.7,35.6,20.2
2289,8081,11.3,38.8,32.4,17.6
2290,8097,3.1,17.0,19.1,60.8
2291,8107,3.2,20.2,26.8,49.8
2292,8117,7.1,18.0,22.6,52.4
2293,13017,16.5,45.3,27.0,11.2
2294,13069,24.3,37.2,25.5,13.0
2295,13141,25.8,43.1,22.4,8.6
2296,13167,24.9,45.9,20.1,9.1
2297,13175,14.1,43.1,26.5,16.2
2298,13209,18.3,38.1,27.7,16.0
2299,13257,17.9,38.6,22.4,21.0
2300,13277,18.1,34.7,29.1,18.1
2301,13279,19.9,37.5,26.4,16.2
2302,13299,18.6,39.2,27.0,15.2
2303,15001,7.7,30.2,32.7,29.4
2304,15007,7.5,30.0,33.3,29.2
2305,16013,11.3,25.6,27.8,35.4
2306,16025,6.7,43.2,33.9,16.3
2307,16031,16.4,29.8,35.3,18.6
2308,16053,22.8,30.6,30.5,16.1
2309,16063,23.4,33.3,33.1,10.3
2310,16067,20.8,32.1,33.0,14.1
2311,16081,6.2,16.6,36.2,41.0
2312,16083,12.9,27.2,39.3,20.6
2313,17001,7.5,35.4,32.1,25.0
2314,17011,9.2,36.6,33.6,20.6
2315,17029,8.6,30.5,34.9,26.0
2316,17035,9.4,40.1,35.1,15.4
2317,17049,6.9,35.8,34.5,22.7
2318,17067,6.6,36.6,35.9,21.0
2319,17071,8.8,41.7,31.2,18.3
2320,17081,12.6,30.6,38.9,17.9
2321,17109,6.4,31.2,30.1,32.2
2322,17127,13.2,33.6,39.3,13.9
2323,17171,6.5,47.7,29.9,15.8
2324,18027,26.2,34.0,26.6,13.2
2325,18037,10.7,38.3,27.2,23.7
2326,18083,11.3,35.8,36.0,16.9
2327,18151,8.9,39.6,29.8,21.8
2328,18177,13.5,37.3,30.9,18.2
2329,19021,21.6,30.3,28.4,19.7
2330,19033,7.3,30.6,38.5,23.6
2331,19041,6.4,34.4,36.4,22.7
2332,19051,16.9,32.5,31.1,19.5
2333,19057,8.0,33.5,38.4,20.1
2334,19059,4.0,26.3,36.2,33.6
2335,19101,6.8,28.0,33.7,31.5
2336,19111,7.0,40.8,35.7,16.4
2337,19123,7.8,39.6,30.6,22.0
2338,19179,11.9,34.9,34.4,18.8
2339,19187,9.5,33.9,36.7,19.9
2340,19195,6.7,36.4,39.4,17.5
2341,20009,10.5,32.0,36.6,20.9
2342,20051,6.7,26.9,30.1,36.3
2343,20055,29.0,22.2,31.8,17.1
2344,20057,26.4,25.3,30.6,17.7
2345,20093,24.1,32.4,28.8,14.7
2346,20099,10.2,31.8,39.3,18.7
2347,20113,8.7,27.9,35.4,28.0
2348,20125,11.2,29.2,40.1,19.5
2349,20143,5.1,35.4,35.1,24.5
2350,20169,8.5,30.1,34.1,27.3
2351,20175,33.7,28.7,26.6,11.0
2352,21007,12.8,36.4,34.8,15.9
2353,21013,30.4,38.5,22.0,9.2
2354,21021,12.9,33.5,28.5,25.2
2355,21035,10.5,32.1,28.9,28.5
2356,21075,20.9,37.4,28.2,13.4
2357,21083,12.6,39.5,30.6,17.4
2358,21107,13.3,40.4,29.8,16.5
2359,21121,26.5,38.0,21.3,14.2
2360,21125,18.9,39.1,27.5,14.4
2361,21137,20.1,42.7,24.2,13.0
2362,21139,16.2,43.6,28.3,11.8
2363,21145,9.5,31.4,34.9,24.2
2364,21165,22.6,44.7,21.5,11.2
2365,21169,24.4,38.6,24.0,13.0
2366,21199,17.2,35.7,30.7,16.5
2367,21203,21.6,43.4,23.6,11.4
2368,21217,12.9,39.2,28.3,19.6
2369,21235,18.6,36.9,24.1,20.4
2370,22029,19.8,40.8,25.3,14.1
2371,22115,13.2,40.2,29.0,17.5
2372,25007,5.2,23.6,26.3,44.9
2373,26007,8.1,33.7,40.2,18.0
2374,26019,6.7,31.2,31.8,30.3
2375,26033,10.0,34.1,34.7,21.2
2376,26041,5.9,33.8,39.4,21.0
2377,26043,5.0,33.2,36.1,25.7
2378,26055,4.8,24.0,35.2,36.0
2379,26061,7.2,33.1,27.1,32.6
2380,26079,12.7,42.1,33.3,11.9
2381,26083,3.6,35.4,29.0,32.0
2382,26089,4.3,21.6,29.3,44.7
2383,26103,5.0,30.9,31.1,32.9
2384,26105,7.9,34.5,34.6,23.1
2385,26109,7.5,42.5,33.7,16.3
2386,26113,10.5,41.9,33.6,14.0
2387,26165,10.4,36.4,34.9,18.2
2388,27007,7.9,27.8,35.2,29.2
2389,27021,7.8,32.3,36.7,23.2
2390,27047,11.2,35.0,36.6,17.1
2391,27083,8.0,31.7,34.2,26.1
2392,27105,23.7,31.3,29.6,15.3
2393,27147,7.5,33.7,32.9,26.0
2394,28001,22.1,33.0,27.4,17.4
2395,28003,18.7,32.2,32.0,17.1
2396,28011,22.2,24.9,29.4,23.6
2397,28015,19.8,35.4,32.5,12.2
2398,28023,17.1,39.4,31.0,12.5
2399,28027,20.5,25.2,37.9,16.5
2400,28043,19.2,27.8,31.6,21.3
2401,28057,20.9,31.1,34.8,13.2
2402,28061,15.8,38.5,30.6,15.1
2403,28069,17.9,38.3,29.1,14.7
2404,28075,15.5,27.5,37.3,19.7
2405,28081,16.4,25.9,33.3,24.4
2406,28083,18.4,38.2,25.0,18.5
2407,28087,14.0,32.0,30.6,23.4
2408,28105,9.3,21.7,26.4,42.6
2409,28115,23.5,29.1,29.3,18.1
2410,28133,25.1,32.2,27.3,15.4
2411,28151,21.2,32.3,28.6,17.9
2412,29001,9.9,34.4,24.6,31.0
2413,29023,17.0,37.3,32.3,13.3
2414,29045,13.7,43.5,30.0,12.8
2415,29069,23.7,38.2,24.2,13.8
2416,29091,13.0,38.9,30.1,18.0
2417,29111,11.5,45.9,29.0,13.6
2418,29127,12.0,37.0,28.7,22.4
2419,29161,11.7,30.4,28.7,29.1
2420,29169,7.2,27.5,37.1,28.3
2421,29173,10.3,49.0,25.9,14.9
2422,29197,12.4,46.2,28.7,12.6
2423,30029,5.3,29.4,34.3,31.0
2424,30031,3.2,17.8,28.9,50.1
2425,30043,5.7,26.5,32.8,35.0
2426,30049,4.4,23.6,32.0,40.1
2427,30093,7.5,32.0,33.3,27.2
2428,31007,3.0,25.6,48.1,23.3
2429,31047,22.0,31.6,30.6,15.8
2430,31073,7.0,27.5,35.9,29.5
2431,31099,3.6,29.2,40.6,26.7
2432,31111,6.5,28.5,41.8,23.2
2433,31113,6.0,30.1,44.2,19.6
2434,31117,10.8,23.8,43.3,22.0
2435,31119,9.6,30.4,37.0,23.0
2436,31139,4.6,33.3,39.0,23.2
2437,31141,11.1,29.8,37.4,21.8
2438,31157,12.0,28.7,36.4,22.9
2439,31165,6.8,29.4,33.2,30.6
2440,31167,6.3,31.6,44.2,17.8
2441,32007,13.7,32.8,37.0,16.6
2442,32011,5.4,47.4,38.4,8.8
2443,32013,17.6,30.8,34.8,16.8
2444,33007,12.2,39.0,30.6,18.2
2445,33009,7.2,26.5,25.7,40.6
2446,33019,8.8,36.4,26.7,28.1
2447,35005,21.8,27.7,32.5,18.0
2448,35009,18.1,26.7,36.0,19.2
2449,35015,15.6,36.6,31.6,16.2
2450,35017,12.5,26.5,32.2,28.8
2451,35025,25.7,31.5,29.2,13.6
2452,35031,22.8,34.4,31.4,11.4
2453,35041,20.0,28.1,28.0,23.9
2454,35055,9.9,28.2,33.2,28.7
2455,36019,12.4,37.7,27.1,22.9
2456,36033,12.6,37.7,30.6,19.1
2457,36077,8.3,31.3,29.4,31.1
2458,37131,19.6,38.5,28.1,13.8
2459,37153,19.1,32.2,33.0,15.7
2460,37177,26.0,36.5,27.0,10.6
2461,37189,9.2,20.7,27.8,42.2
2462,38049,9.2,33.6,35.7,21.4
2463,38075,4.7,34.1,41.1,20.1
2464,38089,9.5,32.1,35.9,22.4
2465,38093,9.1,33.8,33.4,23.7
2466,38101,6.3,30.0,34.4,29.3
2467,38105,9.5,27.1,39.9,23.6
2468,39079,16.5,42.1,26.9,14.5
2469,39107,7.9,45.3,28.5,18.3
2470,40009,14.5,36.2,32.5,16.8
2471,40019,12.0,36.7,30.8,20.5
2472,40039,12.3,31.1,31.7,24.8
2473,40047,12.1,36.2,28.8,22.9
2474,40065,14.9,26.9,34.8,23.3
2475,40071,13.2,32.4,35.5,18.9
2476,40121,13.0,38.2,32.7,16.1
2477,40123,10.8,32.9,28.2,28.2
2478,40139,27.7,25.7,24.5,22.1
2479,40153,12.3,39.9,28.4,19.4
2480,41011,11.2,30.2,40.9,17.8
2481,41015,9.7,27.4,38.3,24.6
2482,41035,11.9,31.0,37.1,20.0
2483,41041,8.5,27.3,39.3,24.9
2484,41061,7.3,32.2,36.0,24.5
2485,42083,8.2,47.5,25.4,18.9
2486,42109,13.4,45.6,21.3,19.8
2487,46005,15.7,34.0,29.8,20.5
2488,46011,5.0,25.2,29.5,40.3
2489,46013,7.0,31.6,32.0,29.4
2490,46029,8.5,36.5,33.6,21.5
2491,46035,7.9,31.1,34.5,26.5
2492,46045,6.9,34.5,32.3,26.3
2493,46065,7.8,27.3,30.3,34.7
2494,46117,5.1,30.6,32.2,32.1
2495,46119,4.4,33.7,36.9,25.0
2496,46135,9.1,35.4,29.8,25.7
2497,47045,16.1,38.8,28.9,16.1
2498,47079,14.1,45.6,23.9,16.5
2499,47127,14.1,39.9,23.3,22.7
2500,47131,16.5,44.8,23.4,15.3
2501,47133,19.4,46.7,21.2,12.8
2502,47183,14.9,38.9,24.6,21.6
2503,48001,18.7,38.9,31.8,10.6
2504,48005,18.1,31.6,33.4,16.9
2505,48049,12.8,36.3,31.8,19.1
2506,48115,30.1,32.3,23.4,14.2
2507,48171,11.0,29.9,26.8,32.2
2508,48261,73.6,20.2,5.2,1.0
2509,48277,15.7,33.1,32.5,18.7
2510,48323,40.5,22.6,24.2,12.7
2511,48341,32.7,26.2,26.9,14.3
2512,48347,17.1,28.6,29.8,24.5
2513,48389,30.3,32.7,24.8,12.3
2514,48415,21.3,34.3,28.1,16.2
2515,48449,23.3,33.4,26.9,16.3
2516,48455,16.9,35.9,34.3,12.9
2517,48465,31.8,24.4,25.4,18.4
2518,49007,8.4,27.1,47.3,17.1
2519,49047,14.3,34.9,35.0,15.8
2520,50009,13.2,46.0,24.7,16.2
2521,50017,8.2,36.2,26.6,29.1
2522,50027,6.6,29.1,26.1,38.2
2523,51051,22.6,38.5,28.1,10.7
2524,51185,18.3,36.5,30.3,14.9
2525,51195,24.1,29.7,31.3,15.0
2526,51720,16.0,24.0,37.3,22.8
2527,53009,7.5,26.3,38.8,27.4
2528,53025,23.3,27.2,31.8,17.7
2529,54017,18.0,43.7,21.2,17.1
2530,54033,11.2,38.6,26.9,23.3
2531,54083,14.5,48.5,19.7,17.3
2532,55037,6.9,37.6,35.5,19.9
2533,56005,7.1,35.6,38.4,18.9
2534,56013,7.9,29.7,38.1,24.3
2535,56033,4.7,25.6,38.7,31.0
2536,56037,7.2,33.0,37.2,22.5
2537,56039,4.8,14.9,23.3,57.0
2538,56041,7.3,41.5,35.2,16.0
2539,4011,11.9,34.7,39.8,13.5
2540,5011,19.0,41.3,25.4,14.3
2541,5017,19.2,38.1,26.8,15.9
2542,5021,17.5,41.9,28.0,12.6
2543,5049,14.4,35.8,37.5,12.2
2544,5071,21.1,40.7,22.9,15.4
2545,5077,24.2,40.4,24.7,10.7
2546,5095,21.1,41.3,24.9,12.7
2547,5099,9.6,43.0,32.8,14.6
2548,5121,17.1,36.1,32.9,13.8
2549,5135,16.5,40.9,32.4,10.2
2550,5137,18.8,34.9,32.4,13.9
2551,13001,25.1,38.7,26.4,9.8
2552,13005,17.9,42.4,29.2,10.5
2553,13043,22.7,37.3,27.0,13.0
2554,13107,21.4,40.8,24.7,13.0
2555,13155,18.5,40.2,26.1,15.1
2556,13161,20.7,38.7,30.3,10.3
2557,13283,26.3,40.8,20.5,12.4
2558,13303,18.7,44.7,24.3,12.3
2559,13309,19.2,50.5,16.8,13.6
2560,16021,8.2,42.7,29.3,19.8
2561,16047,20.9,35.0,26.9,17.2
2562,17015,8.8,38.1,33.5,19.5
2563,17025,12.0,38.6,34.4,15.0
2564,17033,15.0,28.6,39.4,17.1
2565,17065,12.9,34.9,35.2,17.0
2566,17079,10.2,39.1,34.1,16.6
2567,17101,15.1,34.7,35.3,14.9
2568,17149,11.3,38.7,32.2,17.8
2569,17169,10.6,35.6,33.4,20.4
2570,17191,12.1,34.9,37.7,15.4
2571,18049,12.2,40.6,31.3,15.8
2572,18101,11.9,42.7,31.6,13.7
2573,19007,9.8,36.5,37.3,16.3
2574,19063,9.3,32.8,39.0,18.8
2575,19067,9.9,35.4,34.9,19.8
2576,19069,8.9,35.9,37.2,18.0
2577,19081,6.7,36.3,33.2,23.8
2578,19091,7.2,37.0,34.6,21.2
2579,19131,8.2,38.4,34.3,19.0
2580,19135,12.3,39.1,31.3,17.4
2581,19141,7.9,39.9,33.5,18.8
2582,19143,11.6,36.6,34.0,17.9
2583,19147,7.3,29.2,38.0,25.5
2584,19157,6.1,37.9,29.9,26.1
2585,19189,7.6,34.1,36.6,21.8
2586,19197,7.6,36.9,38.2,17.2
2587,20029,7.0,31.6,37.4,24.0
2588,20041,8.5,33.2,35.4,22.9
2589,20053,8.4,34.3,37.8,19.5
2590,20067,23.0,25.9,36.2,14.9
2591,20133,9.2,32.5,40.1,18.1
2592,20145,9.4,33.1,38.0,19.6
2593,20159,8.4,29.3,39.5,22.8
2594,20167,11.9,27.2,37.7,23.1
2595,20171,15.6,27.0,32.4,25.1
2596,20189,21.8,25.8,38.7,13.7
2597,21001,20.4,39.0,24.9,15.7
2598,21033,13.0,45.0,26.7,15.3
2599,21055,16.2,42.0,28.8,13.1
2600,21069,20.4,40.3,26.5,12.9
2601,21143,12.2,41.1,29.8,16.9
2602,21155,18.5,45.3,23.5,12.6
2603,21157,11.3,38.2,31.2,19.2
2604,21205,15.8,33.4,25.7,25.1
2605,21229,16.0,42.4,22.8,18.8
2606,21231,25.4,38.7,23.6,12.3
2607,22065,26.1,36.9,24.1,12.8
2608,26071,8.9,41.9,30.7,18.5
2609,26101,10.1,35.6,34.0,20.3
2610,26141,10.4,38.2,33.5,17.9
2611,26153,9.4,44.1,30.9,15.6
2612,27023,10.6,34.1,36.3,19.0
2613,27033,10.6,36.0,33.4,20.0
2614,27057,7.0,31.2,34.4,27.4
2615,27063,7.3,32.7,37.4,22.6
2616,27127,9.1,37.4,34.4,19.1
2617,27151,9.4,32.7,38.3,19.6
2618,27159,9.4,37.1,39.7,13.8
2619,27173,8.7,35.4,38.6,17.2
2620,28017,24.6,38.4,24.6,12.4
2621,28025,18.3,34.3,27.0,20.4
2622,28095,19.0,36.0,28.3,16.7
2623,28097,22.1,33.3,25.3,19.3
2624,28099,19.7,35.6,33.0,11.6
2625,28101,14.8,30.9,37.9,16.4
2626,28103,29.1,29.6,25.7,15.6
2627,28117,19.9,34.5,33.3,12.4
2628,28135,30.5,28.8,30.5,10.3
2629,28153,20.7,38.4,25.6,15.3
2630,28159,18.3,35.7,31.2,14.7
2631,28161,16.7,40.2,29.3,13.8
2632,29029,9.6,37.9,31.4,21.1
2633,29065,16.8,41.4,26.5,15.3
2634,29121,11.8,45.1,26.8,16.3
2635,29137,10.7,48.4,28.5,12.4
2636,29143,21.3,46.7,20.0,12.1
2637,29155,22.2,43.3,21.7,12.7
2638,29215,16.4,38.6,31.5,13.5
2639,30023,8.9,38.1,32.5,20.4
2640,30053,10.4,37.3,32.7,19.6
2641,30067,5.5,29.9,33.1,31.5
2642,30083,7.7,35.2,38.2,18.9
2643,30085,12.5,31.6,38.6,17.4
2644,31037,30.7,28.9,24.9,15.4
2645,31039,11.6,35.1,29.5,23.8
2646,31041,6.6,30.0,39.4,24.0
2647,31095,8.9,37.3,36.0,17.8
2648,31101,8.5,31.7,39.3,20.5
2649,31137,6.7,29.9,39.9,23.5
2650,32015,11.7,38.0,37.9,12.4
2651,35019,17.3,47.5,27.6,7.6
2652,35023,17.7,35.1,32.5,14.6
2653,35027,10.5,29.9,33.9,25.8
2654,36003,9.2,36.7,33.3,20.9
2655,37113,10.7,31.0,34.4,23.8
2656,37187,16.3,37.4,34.8,11.5
2657,38069,6.7,35.2,37.2,21.0
2658,39075,43.1,32.9,14.4,9.7
2659,39131,19.8,40.2,27.4,12.6
2660,39175,8.1,45.7,29.0,17.2
2661,40005,16.8,40.3,28.0,15.0
2662,40023,17.8,38.3,30.5,13.4
2663,40055,16.1,36.5,35.1,12.3
2664,40063,17.8,40.3,28.9,12.9
2665,40069,14.0,34.9,31.0,20.1
2666,40077,12.2,36.8,33.8,17.2
2667,40085,17.6,41.6,27.3,13.5
2668,40093,11.4,38.6,30.0,20.0
2669,40099,15.8,38.0,28.8,17.4
2670,40133,15.7,34.0,36.0,14.3
2671,40149,9.9,41.5,27.8,20.8
2672,40151,10.2,29.9,29.6,30.3
2673,42047,7.7,48.0,24.7,19.6
2674,42053,17.0,57.4,17.5,8.1
2675,42065,10.7,51.1,22.3,15.9
2676,42105,12.0,47.0,25.6,15.4
2677,45009,19.7,32.5,29.0,18.8
2678,46051,9.3,38.2,30.6,21.9
2679,47005,17.6,46.4,23.7,12.3
2680,47095,27.1,43.2,20.4,9.4
2681,47185,16.8,45.7,25.2,12.3
2682,48017,23.1,35.1,24.6,17.2
2683,48047,31.2,24.7,28.4,15.7
2684,48093,15.5,34.9,29.3,20.3
2685,48131,31.4,30.7,28.9,9.0
2686,48159,8.7,27.9,36.8,26.6
2687,48161,17.4,33.2,34.2,15.3
2688,48165,38.2,29.8,20.5,11.4
2689,48195,32.2,26.7,26.0,15.1
2690,48197,21.1,32.7,32.5,13.7
2691,48225,18.8,36.2,29.8,15.2
2692,48267,14.9,32.9,29.7,22.5
2693,48307,23.2,27.6,31.9,17.3
2694,48335,21.3,40.3,27.1,11.3
2695,48369,29.2,31.1,21.8,17.9
2696,48411,25.2,34.9,25.8,14.1
2697,48419,23.6,35.0,27.6,13.8
2698,48501,36.5,26.2,24.6,12.7
2699,48507,33.1,32.7,23.3,10.9
2700,49001,11.1,32.6,35.3,21.1
2701,49013,11.2,36.7,37.4,14.7
2702,49037,15.1,32.2,34.4,18.3
2703,50005,8.7,35.3,27.0,29.0
2704,50025,7.6,29.5,24.8,38.1
2705,51035,19.2,36.0,29.8,15.0
2706,51117,18.1,31.8,30.0,20.2
2707,51167,19.7,38.0,30.1,12.2
2708,51640,24.3,30.4,30.5,14.8
2709,53049,11.7,29.9,39.4,18.9
2710,54041,11.6,51.0,22.9,14.5
2711,54059,24.5,42.6,23.0,9.9
2712,54095,10.8,50.5,24.6,14.1
2713,54097,14.6,49.0,19.5,16.9
2714,55023,8.7,39.7,33.2,18.4
2715,55057,11.6,41.5,33.2,13.7
2716,55085,6.9,32.0,34.0,27.2
2717,56007,9.0,38.2,32.3,20.6
2718,56015,7.9,28.2,38.1,25.9
2719,56017,5.3,29.5,41.4,23.7
2720,56019,4.0,26.8,37.4,31.7
2721,56023,7.2,31.8,37.3,23.7
2722,56045,6.3,37.4,36.2,20.0
2723,1023,18.6,37.7,31.8,11.9
2724,1027,23.3,37.8,28.3,10.6
2725,1131,23.5,39.5,24.5,12.5
2726,2105,6.3,38.5,33.9,21.3
2727,2198,9.2,37.9,34.6,18.3
2728,5065,16.2,38.0,32.7,13.1
2729,5089,13.5,37.5,31.9,17.1
2730,5109,12.6,38.1,32.0,17.3
2731,5129,18.2,40.2,29.7,11.9
2732,5147,18.3,43.8,23.9,14.0
2733,8007,7.7,21.0,34.2,37.2
2734,8049,5.4,26.8,29.8,38.0
2735,8057,12.6,28.1,39.2,20.0
2736,8091,2.2,15.9,34.1,47.8
2737,8095,11.5,33.1,31.6,23.8
2738,8103,8.1,31.5,37.6,22.7
2739,8111,6.2,25.8,32.4,35.7
2740,8115,13.0,29.1,38.4,19.5
2741,8121,8.1,34.5,42.0,15.4
2742,13003,32.8,34.7,20.3,12.2
2743,13241,15.2,33.1,27.5,24.2
2744,17009,17.0,37.5,31.4,14.1
2745,19025,6.2,38.0,37.1,18.7
2746,19151,7.8,39.4,37.8,15.0
2747,19161,7.2,36.9,35.9,20.0
2748,19173,9.8,38.5,37.2,14.5
2749,19177,10.8,38.9,35.8,14.4
2750,20017,8.2,29.1,37.3,25.5
2751,20025,5.2,27.2,41.5,26.1
2752,20047,14.6,28.2,39.1,18.1
2753,20069,22.6,22.5,34.6,20.2
2754,20075,19.2,39.9,22.2,18.7
2755,20081,27.6,19.3,36.0,17.1
2756,20083,8.9,20.8,39.5,30.8
2757,20097,11.8,27.1,33.0,28.1
2758,20105,6.7,31.1,39.4,22.8
2759,20119,19.3,26.4,34.0,20.3
2760,20163,11.3,30.4,35.2,23.1
2761,20165,7.9,29.8,38.6,23.7
2762,20185,9.3,29.3,36.1,25.2
2763,20195,6.8,31.1,37.3,24.8
2764,20205,11.5,33.9,38.1,16.5
2765,21039,16.7,40.4,28.0,14.9
2766,21045,24.0,40.6,22.7,12.8
2767,21051,35.3,35.3,19.5,9.8
2768,21057,18.2,43.0,25.4,13.3
2769,21095,27.2,34.6,27.4,10.8
2770,21105,19.9,41.7,22.6,15.8
2771,21109,25.4,42.7,18.1,13.8
2772,21131,28.7,41.9,20.8,8.7
2773,21133,24.3,37.0,26.5,12.1
2774,21147,23.4,40.9,28.4,7.2
2775,21207,21.5,38.0,25.9,14.7
2776,22025,25.7,39.4,21.1,13.8
2777,22107,22.5,46.1,20.0,11.4
2778,22123,21.2,45.7,21.4,11.7
2779,26001,10.7,39.3,33.1,16.9
2780,26003,10.1,45.2,27.3,17.4
2781,26009,8.3,31.5,31.3,28.8
2782,26013,10.8,40.6,32.8,15.8
2783,26085,17.6,40.6,30.0,11.9
2784,26095,11.6,36.8,33.2,18.4
2785,26097,9.3,34.0,33.4,23.3
2786,26119,13.1,42.9,30.3,13.7
2787,26131,7.5,43.4,32.6,16.5
2788,26133,11.3,43.8,30.7,14.2
2789,27051,7.1,33.3,40.8,18.8
2790,27081,8.1,38.3,34.3,19.3
2791,27101,9.8,36.3,33.2,20.7
2792,28013,22.5,37.3,28.5,11.8
2793,28019,19.5,35.9,25.5,19.1
2794,28037,15.4,35.4,37.2,12.0
2795,28147,18.3,43.8,23.5,14.4
2796,28155,15.1,36.6,29.7,18.5
2797,29005,8.5,39.0,29.5,23.1
2798,29015,15.5,40.3,31.2,13.0
2799,29035,15.2,43.2,26.2,15.5
2800,29041,9.3,49.4,24.1,17.2
2801,29093,18.5,41.4,29.2,10.8
2802,29103,13.1,43.2,26.5,17.2
2803,29149,16.9,43.0,25.5,14.6
2804,29153,17.7,43.4,27.9,11.0
2805,29171,9.5,42.8,28.3,19.3
2806,29181,20.1,42.3,27.5,10.2
2807,29199,20.1,41.5,24.2,14.2
2808,29203,20.0,44.9,20.2,14.9
2809,29205,9.3,43.4,29.3,18.1
2810,29211,15.7,50.2,22.4,11.7
2811,29223,23.8,39.0,27.7,9.6
2812,29227,10.2,43.6,26.2,20.0
2813,30007,6.8,32.2,33.9,27.1
2814,30057,4.6,30.8,33.4,31.2
2815,30059,4.8,40.3,25.7,29.3
2816,31003,7.0,33.8,40.8,18.4
2817,31005,6.3,25.9,41.6,26.2
2818,31009,5.0,31.0,41.0,23.0
2819,31011,5.1,37.6,36.3,21.1
2820,31027,7.5,35.4,36.1,21.0
2821,31061,7.5,35.3,39.9,17.3
2822,31063,4.1,29.2,45.2,21.5
2823,31083,7.0,27.2,43.5,22.4
2824,31085,9.8,26.3,45.6,18.3
2825,31107,7.9,33.8,36.7,21.6
2826,31123,12.5,32.3,35.7,19.5
2827,31133,12.4,40.6,30.0,17.1
2828,31135,12.0,25.8,34.2,28.1
2829,31143,8.6,31.0,38.5,21.8
2830,31171,6.1,22.8,46.3,24.7
2831,31181,6.2,35.5,35.3,23.0
2832,32009,11.7,40.6,31.6,16.1
2833,32027,19.1,37.2,32.6,11.1
2834,35003,5.9,47.1,31.3,15.7
2835,35033,10.8,34.1,44.2,11.0
2836,37005,22.5,29.0,31.2,17.3
2837,37009,14.9,31.8,33.7,19.7
2838,37095,19.2,38.7,32.9,9.2
2839,37121,14.8,33.0,31.7,20.5
2840,38007,10.5,33.0,30.2,26.3
2841,38009,8.3,27.8,39.9,24.0
2842,38013,7.4,27.8,42.1,22.8
2843,38021,8.7,27.8,34.8,28.8
2844,38023,6.7,34.0,40.8,18.5
2845,38025,8.9,33.7,36.1,21.3
2846,38031,9.7,26.0,37.6,26.7
2847,38041,12.9,33.8,40.3,13.0
2848,38045,13.8,28.9,32.7,24.6
2849,38047,12.0,33.2,35.1,19.6
2850,38053,9.3,28.4,36.6,25.8
2851,38061,7.6,33.9,38.1,20.4
2852,38081,8.1,36.4,37.1,18.5
2853,39121,15.3,47.9,26.9,9.9
2854,40003,14.8,37.5,25.9,21.8
2855,40007,16.2,34.9,29.0,19.9
2856,40025,16.9,36.0,24.2,22.8
2857,40029,17.3,41.6,23.7,17.3
2858,40043,6.2,41.5,28.3,24.0
2859,40045,14.2,34.5,31.2,20.1
2860,40053,9.3,36.9,29.1,24.6
2861,40057,20.3,25.1,33.9,20.7
2862,40059,18.2,33.1,29.4,19.3
2863,40129,11.6,36.4,35.9,16.2
2864,41055,10.7,31.9,40.1,17.3
2865,41063,6.9,28.6,38.1,26.4
2866,41069,8.4,37.1,39.6,14.9
2867,42023,9.3,48.3,28.7,13.7
2868,46003,13.0,33.5,32.1,21.5
2869,46009,12.6,37.0,32.2,18.3
2870,46025,8.8,42.2,30.0,19.1
2871,46037,10.5,36.9,31.0,21.6
2872,46039,8.9,36.9,32.0,22.2
2873,46043,11.5,35.2,37.7,15.5
2874,46049,6.7,34.5,31.9,26.9
2875,46057,8.2,42.5,28.3,21.0
2876,46059,6.1,33.0,38.8,22.1
2877,46069,7.4,36.5,31.6,24.5
2878,46073,10.6,38.0,28.9,22.5
2879,46075,4.7,42.6,27.0,25.7
2880,46077,9.3,39.1,30.1,21.5
2881,46085,10.3,36.9,32.4,20.3
2882,46089,17.6,33.3,31.4,17.7
2883,46091,7.9,31.0,37.0,24.1
2884,46107,7.2,36.3,34.2,22.3
2885,46109,10.4,35.5,36.8,17.3
2886,46111,6.6,40.1,31.6,21.6
2887,46115,8.9,37.2,32.1,21.8
2888,47027,19.7,46.2,20.2,13.9
2889,47049,17.0,43.6,23.4,16.0
2890,47137,25.6,38.2,26.7,9.4
2891,47175,21.0,50.8,20.5,7.8
2892,48079,32.3,30.7,28.9,8.0
2893,48087,26.1,25.9,27.7,20.2
2894,48155,18.1,32.0,33.6,16.2
2895,48263,14.2,32.6,27.8,25.4
2896,48271,21.5,36.8,29.6,12.1
2897,48319,12.3,26.7,33.4,27.6
2898,48333,17.0,31.9,32.8,18.3
2899,48385,16.7,30.4,35.5,17.4
2900,48393,7.3,30.4,37.3,25.0
2901,48405,17.7,40.1,28.3,14.0
2902,48421,21.0,30.7,33.3,15.0
2903,48483,19.8,30.0,33.4,16.8
2904,49009,6.0,40.0,40.5,13.4
2905,49015,6.2,30.2,47.3,16.3
2906,51027,29.9,35.1,23.3,11.8
2907,54021,15.0,44.7,23.3,17.0
2908,54047,31.4,47.0,16.2,5.4
2909,54075,17.4,47.8,20.0,14.8
2910,56011,7.3,29.0,41.3,22.3
2911,56035,4.0,34.6,38.6,22.8
2912,1025,19.4,41.8,26.6,12.2
2913,1035,15.7,51.1,20.4,12.8
2914,1091,16.2,38.0,29.8,16.1
2915,1093,20.4,34.8,32.0,12.8
2916,1099,14.4,47.2,24.9,13.5
2917,2016,10.5,39.0,33.4,17.0
2918,2050,19.1,46.4,22.6,11.9
2919,2122,7.3,31.2,36.8,24.6
2920,2150,10.2,29.7,32.1,28.0
2921,2180,15.4,41.1,27.3,16.1
2922,2185,10.3,43.0,30.2,16.5
2923,2188,17.5,46.7,22.6,13.2
2924,2195,10.3,31.7,29.6,28.4
2925,2220,5.3,27.4,34.0,33.4
2926,2261,4.6,30.8,33.7,30.8
2927,5003,16.7,43.7,27.3,12.3
2928,5113,15.1,36.5,34.3,14.1
2929,6027,11.4,28.6,32.8,27.2
2930,6051,11.4,24.2,35.5,28.8
2931,8003,13.1,28.5,33.3,25.0
2932,8015,6.5,27.0,32.7,33.8
2933,8051,2.6,15.9,25.3,56.2
2934,8063,10.5,37.6,33.2,18.7
2935,8071,12.1,29.5,38.8,19.5
2936,8099,19.5,26.1,36.1,18.3
2937,8105,13.0,32.1,30.5,24.5
2938,8125,11.4,34.4,32.4,21.8
2939,13239,35.3,35.4,22.2,7.1
2940,13271,29.7,47.2,14.4,8.6
2941,16007,6.5,38.4,36.2,18.9
2942,16059,7.9,30.3,38.9,22.9
2943,17159,10.9,29.9,38.2,21.0
2944,17185,9.4,30.7,41.7,18.2
2945,19027,6.5,36.7,34.5,22.4
2946,19047,19.8,37.4,28.5,14.3
2947,19109,6.1,37.4,39.0,17.5
2948,19167,9.8,30.2,31.0,29.1
2949,19191,4.8,33.0,31.6,30.6
2950,20001,8.1,33.1,38.5,20.3
2951,20123,5.2,30.4,38.4,26.1
2952,20137,10.9,34.7,35.6,18.8
2953,20147,7.6,36.6,34.0,21.8
2954,20151,7.9,24.9,36.9,30.3
2955,20181,7.7,30.3,40.3,21.8
2956,20193,6.7,26.4,44.3,22.6
2957,21071,24.8,37.8,26.1,11.3
2958,21115,19.4,36.3,28.0,16.3
2959,21175,23.7,41.4,22.4,12.5
2960,21193,23.1,33.0,29.5,14.4
2961,21195,23.0,39.4,24.5,13.0
2962,22035,29.5,40.5,21.1,8.9
2963,22041,25.0,42.1,20.9,12.0
2964,23003,11.4,37.3,32.0,19.2
2965,23013,6.4,32.9,27.1,33.5
2966,23029,10.7,38.0,29.2,22.0
2967,25019,4.4,19.8,23.0,52.8
2968,26029,6.0,29.7,33.2,31.1
2969,26031,9.9,38.0,31.4,20.7
2970,26047,6.1,24.7,35.8,33.4
2971,26053,6.3,37.3,36.9,19.4
2972,26063,10.9,41.6,31.5,16.0
2973,26069,11.1,38.3,34.8,15.9
2974,26129,14.1,38.2,35.5,12.2
2975,26137,8.0,33.1,35.4,23.6
2976,26143,10.1,38.4,36.1,15.5
2977,27091,6.8,37.9,34.8,20.5
2978,27135,7.1,35.1,37.5,20.3
2979,27149,6.0,31.4,32.0,30.5
2980,29079,13.5,39.0,30.3,17.1
2981,29081,11.8,46.0,25.7,16.5
2982,29115,10.6,45.7,26.8,16.9
2983,29217,11.7,40.5,29.0,18.9
2984,30001,4.9,28.8,30.9,35.4
2985,30017,8.0,28.7,38.6,24.6
2986,30021,7.0,34.2,36.7,22.2
2987,30027,7.3,28.5,35.1,29.1
2988,30035,10.4,39.2,28.9,21.4
2989,30041,9.3,30.2,35.1,25.4
2990,30073,7.0,33.5,35.6,24.0
2991,30101,11.2,40.0,33.5,15.2
2992,30105,6.1,34.5,37.9,21.5
2993,31013,9.3,33.0,40.5,17.1
2994,31031,5.0,31.5,40.5,22.9
2995,31033,6.4,27.6,40.6,25.4
2996,31045,3.9,25.7,33.5,36.9
2997,31089,6.5,33.0,38.1,22.4
2998,31127,8.2,29.9,34.1,27.8
2999,31145,7.5,32.6,40.8,19.1
3000,31147,7.8,36.2,37.0,19.0
3001,32021,11.0,35.7,38.3,14.9
3002,32033,11.9,41.5,33.4,13.2
3003,35007,11.8,29.4,37.1,21.7
3004,35037,18.1,35.7,29.2,17.1
3005,35059,18.1,46.8,23.4,11.7
3006,37015,21.6,38.1,26.6,13.6
3007,38057,8.6,27.0,42.7,21.7
3008,38071,8.1,28.8,36.8,26.4
3009,40089,17.1,43.0,26.5,13.4
3010,41001,9.0,31.1,36.2,23.7
3011,41025,8.4,36.6,36.6,18.4
3012,46123,9.1,41.1,27.5,22.3
3013,46129,10.0,38.0,27.1,24.9
3014,48043,14.3,21.3,24.3,40.0
3015,48075,18.0,34.9,28.9,18.3
3016,48105,23.0,33.5,29.5,14.0
3017,48111,29.6,28.0,26.6,15.8
3018,48205,17.4,37.5,27.2,17.8
3019,48211,17.9,31.5,29.4,21.2
3020,48299,14.2,26.5,34.0,25.3
3021,48357,25.6,33.0,25.8,15.6
3022,48371,30.9,35.9,23.3,9.8
3023,48377,46.6,15.9,16.3,21.2
3024,48429,21.5,28.6,33.7,16.2
3025,48435,26.1,33.0,23.8,17.1
3026,48503,17.0,33.7,30.0,19.3
3027,49019,6.7,28.5,36.2,28.6
3028,49027,11.9,30.6,36.9,20.6
3029,49041,9.4,32.8,39.4,18.5
3030,50019,11.7,39.5,27.3,21.5
3031,51173,16.7,37.7,31.0,14.6
3032,55003,7.8,37.0,35.4,19.8
3033,55129,7.8,33.6,35.6,23.0
3034,56029,4.5,25.8,35.7,34.0
3035,56031,8.9,38.3,32.1,20.7
3036,56043,10.2,29.8,36.6,23.4
3037,2013,14.5,43.5,30.5,11.5
3038,2060,6.0,37.0,34.5,22.5
3039,2070,13.7,37.2,27.0,22.1
3040,2100,2.5,30.2,33.6,33.8
3041,2158,21.1,56.0,19.0,3.9
3042,2164,12.0,44.2,27.7,16.1
3043,2230,5.3,29.2,35.9,29.6
3044,2240,10.1,34.2,35.9,19.7
3045,2275,13.5,35.3,31.8,19.4
3046,2282,8.8,33.5,35.1,22.6
3047,2290,14.0,40.2,32.2,13.6
3048,6063,4.9,26.1,45.3,23.7
3049,8009,13.8,28.0,36.8,21.4
3050,8011,15.2,48.7,24.6,11.4
3051,8017,8.4,36.8,35.7,19.2
3052,8021,12.0,33.9,33.0,21.0
3053,8023,19.0,24.5,37.2,19.3
3054,8033,6.2,36.2,33.5,24.1
3055,8053,6.3,22.8,25.3,45.7
3056,8061,4.3,35.6,38.7,21.4
3057,8079,2.6,15.8,35.2,46.5
3058,8109,16.9,30.5,30.4,22.1
3059,8113,3.2,15.3,22.1,59.4
3060,12067,24.7,38.9,24.6,11.8
3061,13061,20.0,36.3,31.2,12.5
3062,13125,21.8,40.9,25.7,11.6
3063,13281,10.1,29.9,30.0,30.1
3064,13291,11.0,34.0,32.5,22.5
3065,16003,9.8,34.9,34.2,21.2
3066,16033,40.2,28.0,19.6,12.2
3067,17047,8.0,34.5,43.5,13.9
3068,17069,20.4,32.3,36.5,10.8
3069,19003,6.2,39.1,39.1,15.6
3070,19053,10.9,37.5,26.6,25.0
3071,19159,7.3,36.9,34.5,21.4
3072,19185,12.1,44.4,30.9,12.7
3073,20007,8.9,33.7,36.7,20.7
3074,20023,6.4,30.9,33.8,28.9
3075,20033,6.1,34.9,43.0,16.0
3076,20039,6.0,35.4,36.1,22.5
3077,20063,7.9,36.3,36.1,19.7
3078,20065,7.4,31.9,36.0,24.7
3079,20071,13.0,26.9,33.0,27.2
3080,20089,6.9,39.5,34.3,19.3
3081,20101,5.7,31.9,39.4,23.1
3082,20109,9.0,28.1,46.3,16.6
3083,20129,16.0,28.0,38.7,17.3
3084,20135,9.1,31.1,40.4,19.4
3085,20141,6.1,34.6,35.7,23.6
3086,20153,4.2,29.8,41.9,24.1
3087,20157,4.1,34.5,35.9,25.5
3088,20179,3.9,34.1,40.0,22.0
3089,20183,7.0,35.9,34.8,22.3
3090,20187,21.5,29.6,30.0,19.0
3091,20199,5.3,25.8,36.4,32.4
3092,20201,8.4,40.7,30.5,20.3
3093,20203,13.4,27.5,38.5,20.6
3094,20207,9.3,35.2,38.3,17.2
3095,21025,24.4,36.7,23.7,15.2
3096,21053,26.8,39.8,23.2,10.3
3097,21063,25.0,43.4,21.9,9.7
3098,21119,24.9,33.7,26.5,14.9
3099,21129,31.9,36.3,23.5,8.3
3100,21153,30.3,36.4,23.8,9.5
3101,21159,25.6,39.0,23.7,11.7
3102,21189,31.2,36.8,15.8,16.2
3103,21237,28.2,37.4,25.7,8.7
3104,26039,10.1,33.0,37.5,19.4
3105,26135,16.6,37.4,35.4,10.6
3106,27011,7.4,45.0,32.3,15.4
3107,27031,2.9,24.0,32.7,40.4
3108,27069,5.5,36.2,32.5,25.9
3109,27073,6.7,37.0,37.5,18.8
3110,27077,7.0,38.6,37.7,16.7
3111,27155,6.7,35.4,40.4,17.5
3112,29129,11.6,47.3,22.3,18.9
3113,29179,20.2,40.4,25.7,13.7
3114,30005,10.1,27.4,39.7,22.9
3115,30011,7.5,32.7,39.6,20.2
3116,30019,4.7,37.0,34.3,24.0
3117,30025,5.4,37.5,38.1,19.0
3118,30033,2.7,44.1,38.9,14.3
3119,30051,29.8,21.5,33.5,15.2
3120,30055,7.5,38.8,36.5,17.2
3121,30069,1.1,39.4,26.9,32.6
3122,30071,9.1,39.5,34.2,17.2
3123,30075,5.9,29.7,40.0,24.4
3124,30079,12.0,30.7,35.0,22.2
3125,30087,10.0,30.7,41.5,17.8
3126,30091,8.1,32.1,35.9,23.9
3127,30097,5.4,36.6,32.6,25.4
3128,30107,18.2,34.2,28.1,19.6
3129,30109,11.3,37.2,28.1,23.4
3130,31015,4.0,43.9,35.4,16.7
3131,31017,4.9,40.8,33.6,20.7
3132,31029,11.9,25.8,41.3,21.0
3133,31049,10.8,33.6,39.7,15.9
3134,31057,16.9,24.3,35.6,23.3
3135,31065,11.3,33.0,38.3,17.4
3136,31069,5.9,31.9,39.8,22.5
3137,31071,3.7,31.3,39.6,25.5
3138,31075,3.0,35.8,34.3,26.8
3139,31087,7.9,33.5,41.0,17.6
3140,31091,6.5,35.2,31.9,26.4
3141,31103,4.9,32.1,37.9,25.0
3142,31115,1.9,29.4,43.3,25.3
3143,31129,8.1,34.0,37.0,20.9
3144,31149,3.3,34.0,39.5,23.2
3145,31161,9.4,32.8,34.9,22.8
3146,31169,7.6,35.6,37.9,18.8
3147,31175,7.7,34.2,33.9,24.2
3148,31183,4.4,32.5,43.7,19.4
3149,35011,15.7,36.2,35.0,13.0
3150,35021,14.6,26.5,37.2,21.7
3151,37039,12.8,33.8,34.3,19.0
3152,37043,11.8,33.4,31.1,23.7
3153,37075,18.1,36.3,32.7,12.9
3154,38001,5.5,34.3,34.6,25.6
3155,38005,13.7,29.5,40.7,16.2
3156,38011,10.9,34.6,30.2,24.2
3157,38019,8.1,31.5,40.9,19.5
3158,38027,10.6,29.3,34.0,26.2
3159,38033,7.1,25.3,40.7,26.9
3160,38039,10.7,33.4,30.1,25.8
3161,38051,18.2,33.0,33.2,15.6
3162,38067,10.4,31.8,37.1,20.6
3163,38079,12.5,25.8,42.2,19.6
3164,38083,12.5,37.5,35.4,14.6
3165,38087,9.9,28.5,35.7,25.9
3166,38095,8.6,33.8,40.6,17.0
3167,38103,13.0,32.9,31.9,22.2
3168,40127,16.8,42.5,26.4,14.3
3169,41021,10.0,30.5,42.0,17.4
3170,41023,11.2,36.0,33.9,18.9
3171,41037,13.5,34.5,35.6,16.4
3172,46007,19.6,33.0,31.7,15.7
3173,46015,11.1,31.4,30.4,27.1
3174,46017,21.9,39.6,30.0,8.5
3175,46021,10.0,35.5,26.5,28.0
3176,46023,11.5,38.1,31.8,18.6
3177,46031,16.2,33.6,32.4,17.8
3178,46041,14.6,35.9,32.9,16.6
3179,46053,10.6,35.6,33.6,20.2
3180,46063,9.3,31.7,33.0,26.0
3181,46095,18.4,40.0,29.6,12.0
3182,46121,20.1,31.7,32.5,15.6
3183,47039,14.1,42.3,29.1,14.5
3184,48045,13.9,36.5,29.9,19.8
3185,48101,23.8,26.9,32.5,16.8
3186,48109,33.7,35.0,21.1,10.2
3187,48137,27.9,22.7,31.3,18.2
3188,48191,20.4,30.0,33.8,15.9
3189,48243,21.1,20.1,28.2,30.5
3190,48269,20.3,34.8,24.1,20.9
3191,48275,18.1,34.3,27.5,20.1
3192,48295,17.9,32.6,29.9,19.7
3193,48301,19.7,19.7,60.6,0.0
3194,48311,7.3,32.7,31.3,28.8
3195,48327,22.1,36.1,23.8,18.0
3196,48345,12.5,31.3,39.4,16.8
3197,48433,18.7,34.4,32.1,14.8
3198,48443,13.5,26.8,41.2,18.4
3199,48447,13.4,35.7,29.2,21.7
3200,49017,7.3,36.2,30.6,25.9
3201,49031,9.0,40.5,30.2,20.2
3202,49055,11.6,24.6,40.4,23.4
3203,51077,18.7,37.2,30.3,13.7
3204,51103,9.6,30.7,28.2,31.5
3205,51111,22.2,40.4,26.1,11.3
3206,51133,9.0,32.7,29.5,28.9
3207,51159,19.4,35.4,27.5,17.7
3208,53019,13.0,34.9,33.3,18.8
3209,53055,4.1,16.0,30.1,49.8
3210,54023,17.9,46.1,22.2,13.8
3211,54101,20.7,49.5,18.4,11.4
3212,55041,11.2,39.2,35.0,14.7
3213,55051,5.5,33.7,40.9,20.0
3214,55099,8.2,40.4,34.9,16.5
3215,55113,7.7,34.0,34.1,24.2
3216,55125,6.3,30.0,34.7,29.1
3217,56003,10.3,29.1,41.6,19.0
3218,56027,12.9,34.7,34.4,18.0
3219,72049,29.6,36.2,18.9,15.3
3220,72147,28.8,39.2,14.0,18.0
3221,0,12.0,27.0,28.9,32.1
3222,1000,13.8,30.8,29.9,25.5
3223,2000,7.2,28.0,35.3,29.6
3224,2010,,,,
3225,2160,,,,
3226,2201,,,,
3227,2231,,,,
3228,2232,,,,
3229,2250,,,,
3230,2280,,,,
3231,4000,12.9,23.9,33.8,29.5
3232,5000,13.4,34.0,29.5,23.0
3233,6000,16.7,20.5,28.9,33.9
3234,8000,8.3,21.4,29.5,40.9
3235,9000,9.4,26.9,24.5,39.3
3236,10000,10.0,31.3,26.7,32.0
3237,11000,9.1,16.8,15.5,58.5
3238,12000,11.8,28.6,29.7,29.9
3239,13000,12.9,27.7,28.1,31.3
3240,15000,8.0,27.4,31.6,33.0
3241,16000,9.2,27.4,35.8,27.6
3242,17000,10.8,26.0,28.6,34.7
3243,18000,11.2,33.4,29.0,26.5
3244,19000,7.9,31.0,32.5,28.6
3245,20000,9.0,25.9,31.7,33.4
3246,21000,13.7,32.9,29.2,24.2
3247,22000,14.8,34.0,27.1,24.1
3248,23000,7.4,31.5,29.3,31.8
3249,24000,9.8,24.6,25.4,40.2
3250,25000,9.2,24.0,23.0,43.7
3251,26000,9.2,28.9,32.8,29.1
3252,27000,6.9,24.6,32.4,36.1
3253,28000,15.5,30.4,32.0,22.0
3254,29000,10.1,30.6,30.1,29.2
3255,30000,6.4,28.8,32.7,32.0
3256,30113,,,,
3257,31000,8.6,26.1,33.4,31.9
3258,32000,13.3,28.1,33.9,24.7
3259,33000,6.9,27.4,28.6,37.0
3260,34000,10.2,27.2,22.9,39.7
3261,35000,14.4,26.5,31.8,27.3
3262,36000,13.2,26.0,24.3,36.6
3263,37000,12.2,25.7,30.9,31.3
3264,38000,7.4,26.4,36.2,30.0
3265,39000,9.6,33.0,29.1,28.3
3266,40000,12.0,31.3,31.2,25.5
3267,41000,9.3,22.7,34.3,33.7
3268,42000,9.5,34.7,24.4,31.4
3269,44000,11.2,28.3,26.3,34.2
3270,45000,12.5,29.1,30.3,28.1
3271,46000,8.3,30.2,32.7,28.8
3272,47000,12.5,32.1,28.0,27.3
3273,48000,16.3,25.0,28.8,29.9
3274,49000,7.7,22.8,35.4,34.0
3275,50000,7.3,28.8,25.9,38.0
3276,51000,10.3,24.0,27.0,38.8
3277,51560,,,,
3278,53000,8.7,22.0,33.3,36.0
3279,54000,13.1,40.3,26.0,20.6
3280,55000,7.8,30.6,31.5,30.1
3281,56000,6.8,29.1,36.7,27.4
3282,72000,23.5,27.9,22.7,25.9
